<?xml version="1.0" encoding="UTF-8"?>
<kml xmlns="http://www.opengis.net/kml/2.2">
  <Document>
    <name>MRT 2.1</name>
    <description/>
    <Style id="icon-1899-0288D1-normal">
      <IconStyle>
        <color>ffd18802</color>
        <scale>1</scale>
        <Icon>
          <href>https://www.gstatic.com/mapspro/images/stock/503-wht-blank_maps.png</href>
        </Icon>
        <hotSpot x="32" xunits="pixels" y="64" yunits="insetPixels"/>
      </IconStyle>
      <LabelStyle>
        <scale>0</scale>
      </LabelStyle>
    </Style>
    <Style id="icon-1899-0288D1-highlight">
      <IconStyle>
        <color>ffd18802</color>
        <scale>1</scale>
        <Icon>
          <href>https://www.gstatic.com/mapspro/images/stock/503-wht-blank_maps.png</href>
        </Icon>
        <hotSpot x="32" xunits="pixels" y="64" yunits="insetPixels"/>
      </IconStyle>
      <LabelStyle>
        <scale>1</scale>
      </LabelStyle>
    </Style>
    <StyleMap id="icon-1899-0288D1">
      <Pair>
        <key>normal</key>
        <styleUrl>#icon-1899-0288D1-normal</styleUrl>
      </Pair>
      <Pair>
        <key>highlight</key>
        <styleUrl>#icon-1899-0288D1-highlight</styleUrl>
      </Pair>
    </StyleMap>
    <Style id="icon-1899-DB4436-normal">
      <IconStyle>
        <color>ff3644db</color>
        <scale>1</scale>
        <Icon>
          <href>https://www.gstatic.com/mapspro/images/stock/503-wht-blank_maps.png</href>
        </Icon>
        <hotSpot x="32" xunits="pixels" y="64" yunits="insetPixels"/>
      </IconStyle>
      <LabelStyle>
        <scale>0</scale>
      </LabelStyle>
    </Style>
    <Style id="icon-1899-DB4436-highlight">
      <IconStyle>
        <color>ff3644db</color>
        <scale>1</scale>
        <Icon>
          <href>https://www.gstatic.com/mapspro/images/stock/503-wht-blank_maps.png</href>
        </Icon>
        <hotSpot x="32" xunits="pixels" y="64" yunits="insetPixels"/>
      </IconStyle>
      <LabelStyle>
        <scale>1</scale>
      </LabelStyle>
    </Style>
    <StyleMap id="icon-1899-DB4436">
      <Pair>
        <key>normal</key>
        <styleUrl>#icon-1899-DB4436-normal</styleUrl>
      </Pair>
      <Pair>
        <key>highlight</key>
        <styleUrl>#icon-1899-DB4436-highlight</styleUrl>
      </Pair>
    </StyleMap>
    <Style id="icon-1899-DB4436-nodesc-normal">
      <IconStyle>
        <color>ff3644db</color>
        <scale>1</scale>
        <Icon>
          <href>https://www.gstatic.com/mapspro/images/stock/503-wht-blank_maps.png</href>
        </Icon>
        <hotSpot x="32" xunits="pixels" y="64" yunits="insetPixels"/>
      </IconStyle>
      <LabelStyle>
        <scale>0</scale>
      </LabelStyle>
      <BalloonStyle>
        <text><![CDATA[<h3>$[name]</h3>]]></text>
      </BalloonStyle>
    </Style>
    <Style id="icon-1899-DB4436-nodesc-highlight">
      <IconStyle>
        <color>ff3644db</color>
        <scale>1</scale>
        <Icon>
          <href>https://www.gstatic.com/mapspro/images/stock/503-wht-blank_maps.png</href>
        </Icon>
        <hotSpot x="32" xunits="pixels" y="64" yunits="insetPixels"/>
      </IconStyle>
      <LabelStyle>
        <scale>1</scale>
      </LabelStyle>
      <BalloonStyle>
        <text><![CDATA[<h3>$[name]</h3>]]></text>
      </BalloonStyle>
    </Style>
    <StyleMap id="icon-1899-DB4436-nodesc">
      <Pair>
        <key>normal</key>
        <styleUrl>#icon-1899-DB4436-nodesc-normal</styleUrl>
      </Pair>
      <Pair>
        <key>highlight</key>
        <styleUrl>#icon-1899-DB4436-nodesc-highlight</styleUrl>
      </Pair>
    </StyleMap>
    <Style id="line-0000FF-1000-normal">
      <LineStyle>
        <color>ffff0000</color>
        <width>1</width>
      </LineStyle>
    </Style>
    <Style id="line-0000FF-1000-highlight">
      <LineStyle>
        <color>ffff0000</color>
        <width>1.5</width>
      </LineStyle>
    </Style>
    <StyleMap id="line-0000FF-1000">
      <Pair>
        <key>normal</key>
        <styleUrl>#line-0000FF-1000-normal</styleUrl>
      </Pair>
      <Pair>
        <key>highlight</key>
        <styleUrl>#line-0000FF-1000-highlight</styleUrl>
      </Pair>
    </StyleMap>
    <Style id="line-0000FF-4000-normal">
      <LineStyle>
        <color>ffff0000</color>
        <width>4</width>
      </LineStyle>
    </Style>
    <Style id="line-0000FF-4000-highlight">
      <LineStyle>
        <color>ffff0000</color>
        <width>6</width>
      </LineStyle>
    </Style>
    <StyleMap id="line-0000FF-4000">
      <Pair>
        <key>normal</key>
        <styleUrl>#line-0000FF-4000-normal</styleUrl>
      </Pair>
      <Pair>
        <key>highlight</key>
        <styleUrl>#line-0000FF-4000-highlight</styleUrl>
      </Pair>
    </StyleMap>
    <Style id="line-00FF00-1000-normal">
      <LineStyle>
        <color>ff00ff00</color>
        <width>1</width>
      </LineStyle>
    </Style>
    <Style id="line-00FF00-1000-highlight">
      <LineStyle>
        <color>ff00ff00</color>
        <width>1.5</width>
      </LineStyle>
    </Style>
    <StyleMap id="line-00FF00-1000">
      <Pair>
        <key>normal</key>
        <styleUrl>#line-00FF00-1000-normal</styleUrl>
      </Pair>
      <Pair>
        <key>highlight</key>
        <styleUrl>#line-00FF00-1000-highlight</styleUrl>
      </Pair>
    </StyleMap>
    <Style id="line-FF0000-1000-normal">
      <LineStyle>
        <color>ff0000ff</color>
        <width>1</width>
      </LineStyle>
    </Style>
    <Style id="line-FF0000-1000-highlight">
      <LineStyle>
        <color>ff0000ff</color>
        <width>1.5</width>
      </LineStyle>
    </Style>
    <StyleMap id="line-FF0000-1000">
      <Pair>
        <key>normal</key>
        <styleUrl>#line-FF0000-1000-normal</styleUrl>
      </Pair>
      <Pair>
        <key>highlight</key>
        <styleUrl>#line-FF0000-1000-highlight</styleUrl>
      </Pair>
    </StyleMap>
    <Style id="line-FF0000-3000-normal">
      <LineStyle>
        <color>ff0000ff</color>
        <width>3</width>
      </LineStyle>
    </Style>
    <Style id="line-FF0000-3000-highlight">
      <LineStyle>
        <color>ff0000ff</color>
        <width>4.5</width>
      </LineStyle>
    </Style>
    <StyleMap id="line-FF0000-3000">
      <Pair>
        <key>normal</key>
        <styleUrl>#line-FF0000-3000-normal</styleUrl>
      </Pair>
      <Pair>
        <key>highlight</key>
        <styleUrl>#line-FF0000-3000-highlight</styleUrl>
      </Pair>
    </StyleMap>
    <Style id="line-FF00FF-1000-normal">
      <LineStyle>
        <color>ffff00ff</color>
        <width>1</width>
      </LineStyle>
    </Style>
    <Style id="line-FF00FF-1000-highlight">
      <LineStyle>
        <color>ffff00ff</color>
        <width>1.5</width>
      </LineStyle>
    </Style>
    <StyleMap id="line-FF00FF-1000">
      <Pair>
        <key>normal</key>
        <styleUrl>#line-FF00FF-1000-normal</styleUrl>
      </Pair>
      <Pair>
        <key>highlight</key>
        <styleUrl>#line-FF00FF-1000-highlight</styleUrl>
      </Pair>
    </StyleMap>
    <Style id="line-FF9F7F-1000-normal">
      <LineStyle>
        <color>ff7f9fff</color>
        <width>1</width>
      </LineStyle>
    </Style>
    <Style id="line-FF9F7F-1000-highlight">
      <LineStyle>
        <color>ff7f9fff</color>
        <width>1.5</width>
      </LineStyle>
    </Style>
    <StyleMap id="line-FF9F7F-1000">
      <Pair>
        <key>normal</key>
        <styleUrl>#line-FF9F7F-1000-normal</styleUrl>
      </Pair>
      <Pair>
        <key>highlight</key>
        <styleUrl>#line-FF9F7F-1000-highlight</styleUrl>
      </Pair>
    </StyleMap>
    <Style id="line-FFFF00-1000-normal">
      <LineStyle>
        <color>ff00ffff</color>
        <width>1</width>
      </LineStyle>
    </Style>
    <Style id="line-FFFF00-1000-highlight">
      <LineStyle>
        <color>ff00ffff</color>
        <width>1.5</width>
      </LineStyle>
    </Style>
    <StyleMap id="line-FFFF00-1000">
      <Pair>
        <key>normal</key>
        <styleUrl>#line-FFFF00-1000-normal</styleUrl>
      </Pair>
      <Pair>
        <key>highlight</key>
        <styleUrl>#line-FFFF00-1000-highlight</styleUrl>
      </Pair>
    </StyleMap>
    <Style id="line-FFFF00-2000-normal">
      <LineStyle>
        <color>ff00ffff</color>
        <width>2</width>
      </LineStyle>
    </Style>
    <Style id="line-FFFF00-2000-highlight">
      <LineStyle>
        <color>ff00ffff</color>
        <width>3</width>
      </LineStyle>
    </Style>
    <StyleMap id="line-FFFF00-2000">
      <Pair>
        <key>normal</key>
        <styleUrl>#line-FFFF00-2000-normal</styleUrl>
      </Pair>
      <Pair>
        <key>highlight</key>
        <styleUrl>#line-FFFF00-2000-highlight</styleUrl>
      </Pair>
    </StyleMap>
    <Style id="poly-FF00FF-3000-48-normal">
      <LineStyle>
        <color>ffff00ff</color>
        <width>3</width>
      </LineStyle>
      <PolyStyle>
        <color>30ff00ff</color>
        <fill>1</fill>
        <outline>1</outline>
      </PolyStyle>
    </Style>
    <Style id="poly-FF00FF-3000-48-highlight">
      <LineStyle>
        <color>ffff00ff</color>
        <width>4.5</width>
      </LineStyle>
      <PolyStyle>
        <color>30ff00ff</color>
        <fill>1</fill>
        <outline>1</outline>
      </PolyStyle>
    </Style>
    <StyleMap id="poly-FF00FF-3000-48">
      <Pair>
        <key>normal</key>
        <styleUrl>#poly-FF00FF-3000-48-normal</styleUrl>
      </Pair>
      <Pair>
        <key>highlight</key>
        <styleUrl>#poly-FF00FF-3000-48-highlight</styleUrl>
      </Pair>
    </StyleMap>
    <Style id="poly-FFFFFF-3000-64-normal">
      <LineStyle>
        <color>ffffffff</color>
        <width>3</width>
      </LineStyle>
      <PolyStyle>
        <color>40ffffff</color>
        <fill>1</fill>
        <outline>1</outline>
      </PolyStyle>
    </Style>
    <Style id="poly-FFFFFF-3000-64-highlight">
      <LineStyle>
        <color>ffffffff</color>
        <width>4.5</width>
      </LineStyle>
      <PolyStyle>
        <color>40ffffff</color>
        <fill>1</fill>
        <outline>1</outline>
      </PolyStyle>
    </Style>
    <StyleMap id="poly-FFFFFF-3000-64">
      <Pair>
        <key>normal</key>
        <styleUrl>#poly-FFFFFF-3000-64-normal</styleUrl>
      </Pair>
      <Pair>
        <key>highlight</key>
        <styleUrl>#poly-FFFFFF-3000-64-highlight</styleUrl>
      </Pair>
    </StyleMap>
    <Folder>
      <name>Đường bao ngoài ga</name>
      <Placemark>
        <name>ST01 Bến Thành – đường bao ngoài</name>
        <description>Lý trình tim ga KM6+925.000; tâm ga VN2000: X=1191297.000, Y=603474.100; diện tích bao ≈ 17,429 m²</description>
        <styleUrl>#poly-FFFFFF-3000-64</styleUrl>
        <Polygon>
          <outerBoundaryIs>
            <LinearRing>
              <tessellate>1</tessellate>
              <coordinates>
                106.694375,10.771171,0
                106.694528,10.77116,0
                106.69453,10.771178,0
                106.694535,10.771178,0
                106.694536,10.77116,0
                106.694678,10.771164,0
                106.695407,10.77113,0
                106.695408,10.771148,0
                106.695416,10.771147,0
                106.695415,10.771129,0
                106.695563,10.771122,0
                106.695565,10.77114,0
                106.695572,10.77114,0
                106.695571,10.771122,0
                106.695654,10.771118,0
                106.695655,10.771136,0
                106.695662,10.771136,0
                106.695661,10.771118,0
                106.695795,10.771111,0
                106.69604,10.771097,0
                106.696419,10.771058,0
                106.696532,10.771035,0
                106.696528,10.771011,0
                106.696352,10.770941,0
                106.696381,10.77087,0
                106.696566,10.770944,0
                106.696626,10.770797,0
                106.69663,10.770798,0
                106.696631,10.770795,0
                106.696686,10.770817,0
                106.696689,10.770818,0
                106.69669,10.770816,0
                106.69669,10.770817,0
                106.696691,10.770815,0
                106.696775,10.770847,0
                106.696895,10.770552,0
                106.697303,10.770924,0
                106.698138,10.770921,0
                106.698549,10.770905,0
                106.698607,10.770852,0
                106.698652,10.770901,0
                106.698746,10.770897,0
                106.698768,10.770843,0
                106.698823,10.770866,0
                106.698856,10.770785,0
                106.698994,10.770842,0
                106.699131,10.770895,0
                106.699223,10.770891,0
                106.699233,10.771149,0
                106.699118,10.771153,0
                106.699102,10.771183,0
                106.699091,10.771182,0
                106.699091,10.771184,0
                106.698522,10.771205,0
                106.697657,10.77124,0
                106.697657,10.771231,0
                106.697648,10.77124,0
                106.696948,10.77127,0
                106.696937,10.771296,0
                106.696934,10.771295,0
                106.696933,10.771298,0
                106.696845,10.771263,0
                106.696846,10.77126,0
                106.696843,10.771258,0
                106.696846,10.771251,0
                106.696385,10.771269,0
                106.696386,10.771295,0
                106.696382,10.771296,0
                106.696382,10.771299,0
                106.696304,10.771302,0
                106.696304,10.771299,0
                106.6963,10.771299,0
                106.696299,10.771272,0
                106.696236,10.771274,0
                106.695786,10.771295,0
                106.695788,10.771323,0
                106.695784,10.771323,0
                106.695784,10.771326,0
                106.695633,10.771333,0
                106.695632,10.77133,0
                106.695629,10.77133,0
                106.695627,10.771303,0
                106.695071,10.771329,0
                106.695072,10.771356,0
                106.695069,10.771356,0
                106.695069,10.77136,0
                106.69499,10.771364,0
                106.69499,10.77136,0
                106.694986,10.77136,0
                106.694985,10.771333,0
                106.694702,10.771347,0
                106.694707,10.771414,0
                106.694401,10.771435,0
                106.6944,10.771431,0
                106.694397,10.771432,0
                106.694393,10.771372,0
                106.694389,10.771372,0
                106.694389,10.771369,0
                106.694385,10.771369,0
                106.694371,10.771174,0
                106.694375,10.771174,0
                106.694375,10.771171,0
              </coordinates>
            </LinearRing>
          </outerBoundaryIs>
        </Polygon>
      </Placemark>
      <Placemark>
        <name>ST02 Tao Đàn – đường bao ngoài</name>
        <description>Lý trình tim ga KM7+815.823; tâm ga VN2000: X=1191527.100, Y=602631.100; diện tích bao ≈ 6,589 m²</description>
        <styleUrl>#poly-FFFFFF-3000-64</styleUrl>
        <Polygon>
          <outerBoundaryIs>
            <LinearRing>
              <tessellate>1</tessellate>
              <coordinates>
                106.689256,10.773559,0
                106.689433,10.773464,0
                106.689434,10.773466,0
                106.689436,10.773465,0
                106.689447,10.773485,0
                106.689548,10.773431,0
                106.689527,10.773393,0
                106.689529,10.773391,0
                106.689528,10.773389,0
                106.689784,10.773251,0
                106.68979,10.773263,0
                106.689792,10.773262,0
                106.689789,10.773249,0
                106.689853,10.773232,0
                106.689854,10.773236,0
                106.689857,10.773234,0
                106.68987,10.773257,0
                106.690588,10.77287,0
                106.690567,10.772832,0
                106.690569,10.772831,0
                106.690568,10.772828,0
                106.690864,10.772668,0
                106.690866,10.77267,0
                106.690868,10.772669,0
                106.690889,10.772707,0
                106.69111,10.772588,0
                106.6911,10.772568,0
                106.691102,10.772567,0
                106.691101,10.772564,0
                106.691218,10.772501,0
                106.691219,10.772503,0
                106.691222,10.772502,0
                106.691345,10.772726,0
                106.691343,10.772727,0
                106.691344,10.77273,0
                106.691227,10.772793,0
                106.691225,10.77279,0
                106.691223,10.772792,0
                106.691204,10.772758,0
                106.691057,10.772837,0
                106.691078,10.772875,0
                106.691075,10.772877,0
                106.691077,10.772879,0
                106.69078,10.773039,0
                106.690779,10.773037,0
                106.690776,10.773038,0
                106.69077,10.773026,0
                106.690753,10.773035,0
                106.690751,10.773033,0
                106.690749,10.773034,0
                106.690736,10.77301,0
                106.690513,10.77313,0
                106.690595,10.773279,0
                106.690593,10.773281,0
                106.690594,10.773283,0
                106.690466,10.773352,0
                106.690464,10.77335,0
                106.690462,10.773351,0
                106.69038,10.773202,0
                106.690077,10.773366,0
                106.690098,10.773404,0
                106.690095,10.773405,0
                106.690097,10.773408,0
                106.6898,10.773568,0
                106.689799,10.773565,0
                106.689796,10.773567,0
                106.689775,10.773529,0
                106.689662,10.77359,0
                106.689665,10.773596,0
                106.689671,10.7736,0
                106.689675,10.773605,0
                106.689677,10.773611,0
                106.689676,10.773617,0
                106.689682,10.773627,0
                106.68968,10.773628,0
                106.689681,10.773631,0
                106.689638,10.773654,0
                106.689636,10.773652,0
                106.689634,10.773653,0
                106.689625,10.773637,0
                106.689622,10.773633,0
                106.68962,10.773628,0
                106.689613,10.773616,0
                106.689584,10.773632,0
                106.689595,10.773651,0
                106.689593,10.773653,0
                106.689594,10.773655,0
                106.689394,10.773763,0
                106.689393,10.77376,0
                106.689391,10.773762,0
                106.689335,10.773661,0
                106.689318,10.77367,0
                106.689316,10.773668,0
                106.689314,10.773669,0
                106.689255,10.773563,0
                106.689258,10.773562,0
                106.689256,10.773559,0
              </coordinates>
            </LinearRing>
          </outerBoundaryIs>
        </Polygon>
      </Placemark>
      <Placemark>
        <name>ST03 Dân Chủ – đường bao ngoài</name>
        <description>Lý trình tim ga KM8+878.509; tâm ga VN2000: X=1192032.900, Y=601696.500; diện tích bao ≈ 7,125 m²</description>
        <styleUrl>#poly-FFFFFF-3000-64</styleUrl>
        <Polygon>
          <outerBoundaryIs>
            <LinearRing>
              <tessellate>1</tessellate>
              <coordinates>
                106.680702,10.778194,0
                106.68077,10.778158,0
                106.680758,10.778137,0
                106.68076,10.778135,0
                106.680759,10.778133,0
                106.681026,10.77799,0
                106.681027,10.777992,0
                106.681073,10.777967,0
                106.681074,10.77797,0
                106.681076,10.777968,0
                106.681087,10.777988,0
                106.681685,10.777667,0
                106.681657,10.777616,0
                106.681663,10.777613,0
                106.681656,10.777611,0
                106.681671,10.777554,0
                106.681461,10.7775,0
                106.681461,10.777501,0
                106.681338,10.77747,0
                106.681339,10.777467,0
                106.681336,10.777467,0
                106.681343,10.77744,0
                106.681346,10.77744,0
                106.681346,10.777438,0
                106.681469,10.777469,0
                106.681469,10.77747,0
                106.681824,10.777561,0
                106.682545,10.777174,0
                106.682546,10.777176,0
                106.682548,10.777175,0
                106.68256,10.777196,0
                106.682608,10.77717,0
                106.68261,10.777173,0
                106.682612,10.777171,0
                106.682705,10.777341,0
                106.682703,10.777343,0
                106.682704,10.777345,0
                106.682701,10.777347,0
                106.682699,10.777356,0
                106.682687,10.777347,0
                106.682694,10.777359,0
                106.682666,10.777374,0
                106.682659,10.777363,0
                106.682661,10.777377,0
                106.682652,10.777373,0
                106.682608,10.777397,0
                106.68262,10.777418,0
                106.682617,10.77742,0
                106.682619,10.777422,0
                106.682457,10.777509,0
                106.682455,10.777507,0
                106.682453,10.777508,0
                106.682451,10.777504,0
                106.682443,10.777508,0
                106.682444,10.77751,0
                106.682442,10.777511,0
                106.682443,10.777513,0
                106.682307,10.777586,0
                106.682306,10.777584,0
                106.682304,10.777585,0
                106.682293,10.777566,0
                106.681882,10.777787,0
                106.681919,10.777855,0
                106.681943,10.777862,0
                106.682127,10.777763,0
                106.682124,10.777758,0
                106.682126,10.777756,0
                106.682125,10.777754,0
                106.682253,10.777685,0
                106.682254,10.777688,0
                106.682256,10.777687,0
                106.682306,10.777777,0
                106.682304,10.777778,0
                106.682305,10.777781,0
                106.682177,10.777849,0
                106.682176,10.777847,0
                106.682174,10.777848,0
                106.682171,10.777843,0
                106.681956,10.777958,0
                106.681953,10.777952,0
                106.681951,10.777959,0
                106.68186,10.777932,0
                106.681862,10.777926,0
                106.681856,10.777929,0
                106.681801,10.77783,0
                106.681438,10.778025,0
                106.68145,10.778047,0
                106.681447,10.778048,0
                106.681449,10.77805,0
                106.681438,10.778056,0
                106.68172,10.77827,0
                106.68182,10.778182,0
                106.68182,10.778181,0
                106.681914,10.778098,0
                106.681916,10.7781,0
                106.681918,10.778098,0
                106.681937,10.778119,0
                106.681935,10.778121,0
                106.681937,10.778123,0
                106.681842,10.778206,0
                106.681842,10.778205,0
                106.681724,10.778309,0
                106.681722,10.778306,0
                106.68172,10.778309,0
                106.681407,10.778073,0
                106.68095,10.778318,0
                106.680949,10.778316,0
                106.680891,10.778347,0
                106.68089,10.778344,0
                106.680888,10.778346,0
                106.680877,10.778327,0
                106.680798,10.778369,0
                106.680797,10.778367,0
                106.680794,10.778368,0
                106.680701,10.778198,0
                106.680704,10.778197,0
                106.680702,10.778194,0
              </coordinates>
            </LinearRing>
          </outerBoundaryIs>
        </Polygon>
      </Placemark>
      <Placemark>
        <name>ST04 Hòa Hưng – đường bao ngoài</name>
        <description>Lý trình tim ga KM9+878.536; tâm ga VN2000: X=1192507.000, Y=600816.100; diện tích bao ≈ 6,224 m²</description>
        <styleUrl>#poly-FFFFFF-3000-64</styleUrl>
        <Polygon>
          <outerBoundaryIs>
            <LinearRing>
              <tessellate>1</tessellate>
              <coordinates>
                106.67259,10.782545,0
                106.672653,10.782511,0
                106.672652,10.782508,0
                106.672751,10.782455,0
                106.672733,10.782423,0
                106.672735,10.782422,0
                106.672734,10.782419,0
                106.672842,10.782361,0
                106.672827,10.782334,0
                106.672829,10.782332,0
                106.672828,10.78233,0
                106.672862,10.782312,0
                106.672785,10.782218,0
                106.672787,10.782216,0
                106.672786,10.782214,0
                106.672831,10.782178,0
                106.672832,10.782181,0
                106.672834,10.782179,0
                106.672945,10.782315,0
                106.672935,10.782323,0
                106.672936,10.782326,0
                106.672948,10.782319,0
                106.672961,10.782343,0
                106.67423,10.781664,0
                106.674218,10.781643,0
                106.674221,10.781642,0
                106.674219,10.781639,0
                106.674547,10.781464,0
                106.674548,10.781466,0
                106.674551,10.781465,0
                106.674657,10.781659,0
                106.674654,10.78166,0
                106.674656,10.781663,0
                106.674652,10.781665,0
                106.67465,10.781674,0
                106.674639,10.781665,0
                106.674645,10.781677,0
                106.674617,10.781692,0
                106.67461,10.78168,0
                106.674612,10.781694,0
                106.674603,10.781691,0
                106.674568,10.78171,0
                106.674579,10.781731,0
                106.674577,10.781733,0
                106.674578,10.781735,0
                106.674317,10.781875,0
                106.674316,10.781872,0
                106.674233,10.781917,0
                106.674231,10.781914,0
                106.674229,10.781916,0
                106.674219,10.781897,0
                106.673771,10.782136,0
                106.673798,10.782186,0
                106.673814,10.78219,0
                106.673821,10.782186,0
                106.673818,10.782181,0
                106.67382,10.78218,0
                106.673819,10.782177,0
                106.673957,10.782103,0
                106.673958,10.782106,0
                106.673961,10.782104,0
                106.674007,10.782188,0
                106.674004,10.782189,0
                106.674006,10.782192,0
                106.673867,10.782266,0
                106.673866,10.782263,0
                106.673864,10.782265,0
                106.673861,10.782259,0
                106.673825,10.782278,0
                106.673822,10.782272,0
                106.67382,10.782279,0
                106.673756,10.78226,0
                106.673758,10.782253,0
                106.673752,10.782257,0
                106.673705,10.782171,0
                106.673194,10.782444,0
                106.673205,10.782464,0
                106.673202,10.782465,0
                106.673204,10.782467,0
                106.673111,10.782517,0
                106.673112,10.782519,0
                106.672881,10.782643,0
                106.67288,10.78264,0
                106.672878,10.782642,0
                106.672866,10.78262,0
                106.6728,10.782655,0
                106.672798,10.782664,0
                106.672787,10.782655,0
                106.672793,10.782667,0
                106.672765,10.782682,0
                106.672759,10.782671,0
                106.67276,10.782685,0
                106.672752,10.782681,0
                106.672748,10.782683,0
                106.672746,10.782681,0
                106.672744,10.782682,0
                106.672662,10.782532,0
                106.672601,10.782564,0
                106.6726,10.782562,0
                106.672597,10.782563,0
                106.672589,10.782548,0
                106.672591,10.782547,0
                106.67259,10.782545,0
              </coordinates>
            </LinearRing>
          </outerBoundaryIs>
        </Polygon>
      </Placemark>
      <Placemark>
        <name>ST05 Lê Thị Riêng – đường bao ngoài</name>
        <description>Lý trình tim ga KM10+889.815; tâm ga VN2000: X=1192985.400, Y=599925.200; diện tích bao ≈ 7,056 m²</description>
        <styleUrl>#poly-FFFFFF-3000-64</styleUrl>
        <Polygon>
          <outerBoundaryIs>
            <LinearRing>
              <tessellate>1</tessellate>
              <coordinates>
                106.664607,10.786638,0
                106.664874,10.786495,0
                106.664875,10.786498,0
                106.664947,10.786459,0
                106.664948,10.786462,0
                106.664951,10.78646,0
                106.664972,10.786499,0
                106.66497,10.786501,0
                106.664971,10.786503,0
                106.664902,10.78654,0
                106.664949,10.786628,0
                106.665566,10.786298,0
                106.665503,10.786184,0
                106.665511,10.78618,0
                106.665502,10.786179,0
                106.66553,10.785959,0
                106.665535,10.785959,0
                106.665532,10.785955,0
                106.665672,10.78588,0
                106.665716,10.785828,0
                106.665726,10.785837,0
                106.66572,10.785825,0
                106.665819,10.785772,0
                106.665815,10.785765,0
                106.665818,10.785763,0
                106.665817,10.785761,0
                106.665919,10.785706,0
                106.665921,10.785708,0
                106.665923,10.785707,0
                106.665963,10.78578,0
                106.665994,10.785837,0
                106.665992,10.785838,0
                106.665993,10.78584,0
                106.66589,10.785895,0
                106.665889,10.785893,0
                106.665886,10.785894,0
                106.665882,10.785887,0
                106.665783,10.78594,0
                106.665777,10.785929,0
                106.665778,10.785942,0
                106.665711,10.78595,0
                106.665603,10.786007,0
                106.665582,10.786173,0
                106.665632,10.786263,0
                106.665995,10.786068,0
                106.665947,10.785981,0
                106.665889,10.786012,0
                106.665888,10.786009,0
                106.665886,10.786011,0
                106.665864,10.785972,0
                106.665867,10.785971,0
                106.665865,10.785968,0
                106.665926,10.785936,0
                106.665924,10.785933,0
                106.666158,10.785808,0
                106.66616,10.785811,0
                106.666162,10.785809,0
                106.666234,10.785941,0
                106.666284,10.785914,0
                106.666286,10.785905,0
                106.666297,10.785914,0
                106.666291,10.785902,0
                106.666319,10.785887,0
                106.666326,10.785898,0
                106.666324,10.785884,0
                106.666333,10.785888,0
                106.666337,10.785886,0
                106.666338,10.785888,0
                106.66634,10.785887,0
                106.666447,10.786081,0
                106.666444,10.786082,0
                106.666446,10.786084,0
                106.666185,10.786224,0
                106.666183,10.786222,0
                106.666095,10.786269,0
                106.666094,10.786266,0
                106.666092,10.786268,0
                106.666081,10.786248,0
                106.665435,10.786594,0
                106.665428,10.786582,0
                106.665423,10.786585,0
                106.66543,10.786597,0
                106.665102,10.786772,0
                106.665112,10.786791,0
                106.66511,10.786792,0
                106.665111,10.786795,0
                106.665023,10.786842,0
                106.665025,10.786844,0
                106.664821,10.786953,0
                106.66482,10.786951,0
                106.664818,10.786952,0
                106.664806,10.78693,0
                106.664705,10.786984,0
                106.664704,10.786982,0
                106.664702,10.786983,0
                106.664609,10.786813,0
                106.664611,10.786812,0
                106.66461,10.786809,0
                106.664613,10.786807,0
                106.664615,10.786798,0
                106.664627,10.786807,0
                106.66462,10.786795,0
                106.664648,10.78678,0
                106.664655,10.786792,0
                106.664653,10.786778,0
                106.664662,10.786781,0
                106.664667,10.786778,0
                106.664674,10.78679,0
                106.664678,10.786788,0
                106.664672,10.786776,0
                106.664678,10.786773,0
                106.664606,10.786642,0
                106.664608,10.78664,0
                106.664607,10.786638,0
              </coordinates>
            </LinearRing>
          </outerBoundaryIs>
        </Polygon>
      </Placemark>
      <Placemark>
        <name>ST06 Phạm Văn Hai – đường bao ngoài</name>
        <description>Lý trình tim ga KM11+608.652; tâm ga VN2000: X=1193324.200, Y=599291.300; diện tích bao ≈ 6,435 m²</description>
        <styleUrl>#poly-FFFFFF-3000-64</styleUrl>
        <Polygon>
          <outerBoundaryIs>
            <LinearRing>
              <tessellate>1</tessellate>
              <coordinates>
                106.658646,10.789947,0
                106.658649,10.789946,0
                106.658647,10.789944,0
                106.658717,10.789907,0
                106.658716,10.789905,0
                106.658932,10.789792,0
                106.658933,10.789794,0
                106.658935,10.789793,0
                106.658947,10.789815,0
                106.660141,10.78919,0
                106.660113,10.789138,0
                106.660064,10.789163,0
                106.660063,10.789161,0
                106.660061,10.789162,0
                106.66005,10.789141,0
                106.660062,10.789135,0
                106.660058,10.789129,0
                106.660315,10.788994,0
                106.660316,10.788997,0
                106.660319,10.788995,0
                106.660361,10.789074,0
                106.660646,10.788925,0
                106.660647,10.788928,0
                106.66065,10.788926,0
                106.660754,10.789121,0
                106.660752,10.789123,0
                106.660753,10.789125,0
                106.660423,10.789298,0
                106.660422,10.789295,0
                106.66034,10.789338,0
                106.660339,10.789335,0
                106.660337,10.789337,0
                106.660327,10.789318,0
                106.659721,10.789635,0
                106.659778,10.78974,0
                106.659766,10.789747,0
                106.659767,10.789749,0
                106.65978,10.789745,0
                106.659793,10.789786,0
                106.659838,10.78987,0
                106.659832,10.789873,0
                106.659838,10.789875,0
                106.659822,10.789926,0
                106.659816,10.789924,0
                106.659819,10.78993,0
                106.659784,10.789948,0
                106.659787,10.789954,0
                106.659784,10.789955,0
                106.659786,10.789957,0
                106.659657,10.790025,0
                106.659656,10.790022,0
                106.659653,10.790023,0
                106.659605,10.789933,0
                106.659607,10.789932,0
                106.659606,10.789929,0
                106.659735,10.789862,0
                106.659736,10.789865,0
                106.659738,10.789863,0
                106.659743,10.789872,0
                106.659747,10.789859,0
                106.659727,10.789821,0
                106.6597,10.789787,0
                106.65971,10.789779,0
                106.659709,10.789776,0
                106.659697,10.789783,0
                106.65964,10.789677,0
                106.659326,10.789841,0
                106.659336,10.78986,0
                106.659334,10.789862,0
                106.659335,10.789864,0
                106.659233,10.789917,0
                106.659234,10.78992,0
                106.659011,10.790037,0
                106.65901,10.790034,0
                106.659007,10.790036,0
                106.658996,10.790014,0
                106.658876,10.790077,0
                106.658874,10.790086,0
                106.658863,10.790077,0
                106.658869,10.790089,0
                106.65884,10.790104,0
                106.658834,10.790092,0
                106.658835,10.790106,0
                106.658827,10.790102,0
                106.658823,10.790104,0
                106.658822,10.790102,0
                106.658819,10.790103,0
                106.658738,10.789952,0
                106.658671,10.789988,0
                106.65867,10.789985,0
                106.658667,10.789986,0
                106.658646,10.789947,0
              </coordinates>
            </LinearRing>
          </outerBoundaryIs>
        </Polygon>
      </Placemark>
      <Placemark>
        <name>ST07 Bảy Hiền – đường bao ngoài</name>
        <description>Lý trình tim ga KM12+397.300; tâm ga VN2000: X=1193695.100, Y=598595.200; diện tích bao ≈ 15,858 m²</description>
        <styleUrl>#poly-FFFFFF-3000-64</styleUrl>
        <Polygon>
          <outerBoundaryIs>
            <LinearRing>
              <tessellate>1</tessellate>
              <coordinates>
                106.65175,10.793624,0
                106.651848,10.793571,0
                106.651847,10.793569,0
                106.65185,10.793568,0
                106.651848,10.793566,0
                106.65189,10.793543,0
                106.651889,10.793541,0
                106.65208,10.793439,0
                106.652079,10.793436,0
                106.652081,10.793435,0
                106.65208,10.793433,0
                106.653337,10.792759,0
                106.653241,10.792609,0
                106.653015,10.792696,0
                106.653014,10.792694,0
                106.653011,10.792695,0
                106.652851,10.792292,0
                106.652854,10.792291,0
                106.652853,10.792288,0
                106.652902,10.792267,0
                106.652903,10.79227,0
                106.652906,10.792269,0
                106.653044,10.792617,0
                106.653206,10.792554,0
                106.653012,10.792253,0
                106.652991,10.792266,0
                106.65299,10.792264,0
                106.652987,10.792266,0
                106.652886,10.792108,0
                106.652888,10.792106,0
                106.652886,10.792104,0
                106.653098,10.791971,0
                106.653099,10.791973,0
                106.653102,10.791972,0
                106.653203,10.79213,0
                106.653201,10.792131,0
                106.653203,10.792134,0
                106.653182,10.792147,0
                106.653514,10.792664,0
                106.6536,10.792618,0
                106.653595,10.792609,0
                106.653597,10.792608,0
                106.653596,10.792605,0
                106.65371,10.792544,0
                106.653711,10.792547,0
                106.653714,10.792545,0
                106.653714,10.792546,0
                106.653799,10.792501,0
                106.6538,10.792503,0
                106.653802,10.792502,0
                106.653808,10.792512,0
                106.653873,10.792477,0
                106.653875,10.79248,0
                106.6539,10.792466,0
                106.653902,10.792468,0
                106.653904,10.792467,0
                106.653909,10.792476,0
                106.653974,10.792441,0
                106.653973,10.792439,0
                106.654002,10.792424,0
                106.654003,10.792426,0
                106.654867,10.791962,0
                106.654869,10.791965,0
                106.654871,10.791963,0
                106.654976,10.792154,0
                106.654973,10.792156,0
                106.654975,10.792158,0
                106.654016,10.792671,0
                106.654021,10.79268,0
                106.654018,10.792681,0
                106.65402,10.792684,0
                106.653994,10.792697,0
                106.653995,10.7927,0
                106.653951,10.792724,0
                106.654022,10.792853,0
                106.654019,10.792854,0
                106.654023,10.792861,0
                106.65378,10.792991,0
                106.653967,10.79323,0
                106.653965,10.793232,0
                106.653967,10.793234,0
                106.653931,10.793261,0
                106.654021,10.7934,0
                106.654019,10.793401,0
                106.65402,10.793404,0
                106.653832,10.793522,0
                106.65383,10.79352,0
                106.653828,10.793521,0
                106.653587,10.793147,0
                106.653468,10.793264,0
                106.653605,10.7934,0
                106.653604,10.7934,0
                106.653626,10.793422,0
                106.653624,10.793424,0
                106.653626,10.793425,0
                106.653609,10.793442,0
                106.653599,10.793432,0
                106.653594,10.793438,0
                106.65358,10.793424,0
                106.65358,10.793425,0
                106.653406,10.793253,0
                106.653558,10.793102,0
                106.653481,10.792982,0
                106.652044,10.793752,0
                106.652136,10.793919,0
                106.652133,10.79392,0
                106.652168,10.793984,0
                106.652165,10.793985,0
                106.652167,10.793987,0
                106.652127,10.794008,0
                106.652126,10.794006,0
                106.652124,10.794007,0
                106.65209,10.793946,0
                106.652065,10.79396,0
                106.652064,10.793958,0
                106.652061,10.793959,0
                106.651908,10.79368,0
                106.651911,10.793679,0
                106.65191,10.793677,0
                106.651948,10.793656,0
                106.651915,10.793594,0
                106.651908,10.793598,0
                106.651909,10.7936,0
                106.651776,10.793672,0
                106.651775,10.793669,0
                106.651772,10.793671,0
                106.651749,10.793628,0
                106.651751,10.793626,0
                106.65175,10.793624,0
              </coordinates>
            </LinearRing>
          </outerBoundaryIs>
        </Polygon>
      </Placemark>
      <Placemark>
        <name>ST08 Nguyễn Hồng Đào – đường bao ngoài</name>
        <description>Lý trình tim ga KM13+670.622; tâm ga VN2000: X=1194298.500, Y=597474.000; diện tích bao ≈ 6,947 m²</description>
        <styleUrl>#poly-FFFFFF-3000-64</styleUrl>
        <Polygon>
          <outerBoundaryIs>
            <LinearRing>
              <tessellate>1</tessellate>
              <coordinates>
                106.641981,10.798682,0
                106.642118,10.798609,0
                106.642119,10.798611,0
                106.642122,10.79861,0
                106.642205,10.798761,0
                106.643786,10.797914,0
                106.643775,10.797892,0
                106.643777,10.797891,0
                106.643776,10.797888,0
                106.644037,10.797749,0
                106.644038,10.797751,0
                106.6441,10.797718,0
                106.644102,10.79772,0
                106.644104,10.797719,0
                106.644125,10.797758,0
                106.644123,10.797759,0
                106.644124,10.797761,0
                106.644064,10.797794,0
                106.644147,10.797944,0
                106.644144,10.797945,0
                106.644145,10.797947,0
                106.644024,10.798012,0
                106.644036,10.798034,0
                106.644033,10.798035,0
                106.644035,10.798038,0
                106.64383,10.798147,0
                106.643829,10.798145,0
                106.643748,10.798188,0
                106.643747,10.798186,0
                106.643744,10.798187,0
                106.643734,10.798168,0
                106.643106,10.798505,0
                106.643149,10.798618,0
                106.643139,10.798622,0
                106.643149,10.798623,0
                106.643147,10.798637,0
                106.643284,10.799001,0
                106.643278,10.799004,0
                106.643284,10.799007,0
                106.64325,10.79909,0
                106.643243,10.799088,0
                106.643247,10.799094,0
                106.643227,10.799103,0
                106.643221,10.799091,0
                106.643216,10.799093,0
                106.643222,10.799105,0
                106.643006,10.799208,0
                106.643,10.799196,0
                106.642998,10.799196,0
                106.643,10.799209,0
                106.642912,10.799225,0
                106.642911,10.799222,0
                106.642908,10.799224,0
                106.642875,10.799155,0
                106.642877,10.799154,0
                106.642876,10.799151,0
                106.643048,10.799079,0
                106.643179,10.799018,0
                106.643195,10.798978,0
                106.643076,10.798663,0
                106.643066,10.798654,0
                106.643072,10.798646,0
                106.643063,10.79865,0
                106.643024,10.798548,0
                106.642738,10.798701,0
                106.642749,10.79872,0
                106.642746,10.798722,0
                106.642748,10.798724,0
                106.642646,10.798778,0
                106.642648,10.798781,0
                106.642426,10.7989,0
                106.642424,10.798897,0
                106.642422,10.798899,0
                106.64241,10.798877,0
                106.642195,10.798993,0
                106.642193,10.79899,0
                106.642191,10.798992,0
                106.642098,10.798821,0
                106.6421,10.79882,0
                106.642099,10.798818,0
                106.642103,10.798816,0
                106.642104,10.798808,0
                106.642095,10.798813,0
                106.64203,10.798694,0
                106.641997,10.798712,0
                106.641995,10.798709,0
                106.641993,10.798711,0
                106.641979,10.798686,0
                106.641982,10.798685,0
                106.641981,10.798682,0
              </coordinates>
            </LinearRing>
          </outerBoundaryIs>
        </Polygon>
      </Placemark>
      <Placemark>
        <name>ST09 Bà Quẹo – đường bao ngoài</name>
        <description>Lý trình tim ga KM14+965.631; tâm ga VN2000: X=1195151.900, Y=596598.400; diện tích bao ≈ 6,755 m²</description>
        <styleUrl>#poly-FFFFFF-3000-64</styleUrl>
        <Polygon>
          <outerBoundaryIs>
            <LinearRing>
              <tessellate>1</tessellate>
              <coordinates>
                106.634491,10.807128,0
                106.634501,10.807093,0
                106.634499,10.807092,0
                106.634676,10.806512,0
                106.634679,10.806513,0
                106.63468,10.806511,0
                106.634684,10.806512,0
                106.634693,10.806484,0
                106.634708,10.806494,0
                106.634727,10.806494,0
                106.634718,10.806522,0
                106.634722,10.806524,0
                106.634722,10.806526,0
                106.634724,10.806527,0
                106.634653,10.806758,0
                106.63478,10.806796,0
                106.634817,10.806676,0
                106.634821,10.806677,0
                106.634821,10.806673,0
                106.634879,10.806674,0
                106.635359,10.805109,0
                106.635361,10.80511,0
                106.635362,10.805107,0
                106.635533,10.805158,0
                106.635556,10.805082,0
                106.635558,10.805083,0
                106.635559,10.805081,0
                106.635602,10.805093,0
                106.635601,10.805096,0
                106.635604,10.805097,0
                106.63558,10.805175,0
                106.635583,10.805176,0
                106.635458,10.805583,0
                106.635455,10.805582,0
                106.635454,10.805585,0
                106.635439,10.80558,0
                106.635421,10.805638,0
                106.635418,10.805637,0
                106.635417,10.80564,0
                106.635412,10.805638,0
                106.635235,10.806217,0
                106.635345,10.80625,0
                106.635346,10.806246,0
                106.635348,10.806247,0
                106.635349,10.806244,0
                106.635392,10.806257,0
                106.635391,10.80626,0
                106.635394,10.806261,0
                106.635392,10.806264,0
                106.635441,10.806279,0
                106.635441,10.806281,0
                106.635443,10.806282,0
                106.635419,10.806361,0
                106.635416,10.80636,0
                106.635416,10.806363,0
                106.635209,10.806301,0
                106.635116,10.806606,0
                106.635119,10.806607,0
                106.635104,10.806657,0
                106.635109,10.806659,0
                106.635104,10.806676,0
                106.635119,10.806681,0
                106.635122,10.806671,0
                106.63515,10.806679,0
                106.635123,10.806768,0
                106.63512,10.806767,0
                106.635119,10.806769,0
                106.635117,10.806769,0
                106.635055,10.806973,0
                106.635052,10.806973,0
                106.635051,10.806975,0
                106.635007,10.806962,0
                106.63495,10.807145,0
                106.634948,10.807144,0
                106.634947,10.807147,0
                106.634824,10.80711,0
                106.63478,10.80725,0
                106.634778,10.807249,0
                106.634777,10.807252,0
                106.634711,10.807232,0
                106.634712,10.807229,0
                106.634709,10.807229,0
                106.634751,10.807091,0
                106.634754,10.807092,0
                106.634755,10.807086,0
                106.634753,10.807086,0
                106.634766,10.807041,0
                106.634781,10.806935,0
                106.634615,10.806885,0
                106.634547,10.807106,0
                106.634544,10.807106,0
                106.634533,10.807141,0
                106.634531,10.80714,0
                106.63453,10.807142,0
                106.634492,10.807131,0
                106.634493,10.807128,0
                106.634491,10.807128,0
              </coordinates>
            </LinearRing>
          </outerBoundaryIs>
        </Polygon>
      </Placemark>
      <Placemark>
        <name>ST10 Phạm Văn Bạch – đường bao ngoài</name>
        <description>Lý trình tim ga KM15+698.462; tâm ga VN2000: X=1195849.500, Y=596374.800; diện tích bao ≈ 7,813 m²</description>
        <styleUrl>#poly-FFFFFF-3000-64</styleUrl>
        <Polygon>
          <outerBoundaryIs>
            <LinearRing>
              <tessellate>1</tessellate>
              <coordinates>
                106.632598,10.813433,0
                106.632612,10.813389,0
                106.632609,10.813389,0
                106.632774,10.812855,0
                106.632777,10.812856,0
                106.632787,10.812823,0
                106.632789,10.812824,0
                106.63279,10.812821,0
                106.632809,10.812827,0
                106.632809,10.812829,0
                106.632811,10.81283,0
                106.632801,10.812863,0
                106.632804,10.812864,0
                106.632738,10.813077,0
                106.632823,10.813103,0
                106.633216,10.811829,0
                106.633131,10.811803,0
                106.633113,10.811862,0
                106.63311,10.811861,0
                106.6331,10.811894,0
                106.633097,10.811894,0
                106.633096,10.811896,0
                106.633077,10.81189,0
                106.633078,10.811888,0
                106.633075,10.811887,0
                106.633086,10.811854,0
                106.633083,10.811853,0
                106.633234,10.811362,0
                106.633237,10.811363,0
                106.633251,10.811319,0
                106.633253,10.81132,0
                106.633254,10.811317,0
                106.633276,10.811324,0
                106.633275,10.811327,0
                106.633278,10.811327,0
                106.633264,10.811371,0
                106.633267,10.811372,0
                106.633216,10.811538,0
                106.633285,10.811558,0
                106.633345,10.811364,0
                106.633347,10.811365,0
                106.633348,10.811362,0
                106.633717,10.811473,0
                106.633716,10.811476,0
                106.633719,10.811477,0
                106.633698,10.811542,0
                106.633696,10.811541,0
                106.633695,10.811544,0
                106.633537,10.811496,0
                106.633509,10.811588,0
                106.633667,10.811636,0
                106.633666,10.811638,0
                106.633669,10.811639,0
                106.633574,10.811945,0
                106.633572,10.811944,0
                106.633565,10.811967,0
                106.633558,10.811965,0
                106.633554,10.811978,0
                106.63352,10.811968,0
                106.633521,10.811965,0
                106.633519,10.811964,0
                106.633529,10.811931,0
                106.633526,10.81193,0
                106.633586,10.811738,0
                106.633476,10.811704,0
                106.633477,10.811701,0
                106.633471,10.811701,0
                106.633471,10.811703,0
                106.63346,10.8117,0
                106.633247,10.812391,0
                106.633405,10.812439,0
                106.633404,10.812443,0
                106.633408,10.812442,0
                106.633434,10.812551,0
                106.633424,10.812554,0
                106.633434,10.812556,0
                106.633402,10.81266,0
                106.633403,10.81266,0
                106.633362,10.812792,0
                106.63336,10.812791,0
                106.633359,10.812793,0
                106.633282,10.81277,0
                106.633283,10.812768,0
                106.633281,10.812767,0
                106.633287,10.812744,0
                106.633288,10.812745,0
                106.63329,10.81274,0
                106.633289,10.812739,0
                106.633321,10.812635,0
                106.633322,10.812636,0
                106.633347,10.812553,0
                106.633338,10.812513,0
                106.63322,10.812477,0
                106.633003,10.813183,0
                106.633128,10.813221,0
                106.633173,10.813074,0
                106.633176,10.813075,0
                106.633186,10.813042,0
                106.633189,10.813043,0
                106.63319,10.81304,0
                106.633223,10.81305,0
                106.633219,10.813063,0
                106.633226,10.813065,0
                106.633219,10.813088,0
                106.633221,10.813089,0
                106.633137,10.813364,0
                106.633134,10.813363,0
                106.633133,10.813366,0
                106.632962,10.813314,0
                106.632921,10.813448,0
                106.633092,10.8135,0
                106.633091,10.813502,0
                106.633094,10.813503,0
                106.633073,10.813569,0
                106.633071,10.813568,0
                106.63307,10.813571,0
                106.632902,10.81352,0
                106.632905,10.813507,0
                106.6329,10.813506,0
                106.632896,10.813518,0
                106.632714,10.813463,0
                106.632715,10.813461,0
                106.632713,10.81346,0
                106.632775,10.813258,0
                106.632693,10.813233,0
                106.632642,10.813398,0
                106.632639,10.813398,0
                106.632625,10.813442,0
                106.632623,10.813441,0
                106.632622,10.813443,0
                106.6326,10.813437,0
                106.632601,10.813434,0
                106.632598,10.813433,0
              </coordinates>
            </LinearRing>
          </outerBoundaryIs>
        </Polygon>
      </Placemark>
      <Placemark>
        <name>ST11 Tân Bình – đường bao ngoài</name>
        <description>Lý trình tim ga KM16+732.609; tâm ga VN2000: X=1196838.300, Y=596072.200; diện tích bao ≈ 3,996 m²</description>
        <styleUrl>#poly-FFFFFF-3000-64</styleUrl>
        <Polygon>
          <outerBoundaryIs>
            <LinearRing>
              <tessellate>1</tessellate>
              <coordinates>
                106.630014,10.821662,0
                106.63004,10.821576,0
                106.630043,10.821577,0
                106.630043,10.821574,0
                106.630055,10.821578,0
                106.63007,10.821529,0
                106.630072,10.82153,0
                106.630073,10.821527,0
                106.63008,10.821529,0
                106.630086,10.821511,0
                106.630088,10.821512,0
                106.630089,10.82151,0
                106.630101,10.821513,0
                106.630101,10.821516,0
                106.630103,10.821517,0
                106.630098,10.821535,0
                106.630221,10.821572,0
                106.630364,10.821106,0
                106.63024,10.821069,0
                106.630196,10.821215,0
                106.630193,10.821215,0
                106.630192,10.821217,0
                106.63018,10.821214,0
                106.630181,10.821211,0
                106.630178,10.82121,0
                106.630223,10.821064,0
                106.630216,10.821062,0
                106.630216,10.821059,0
                106.630214,10.821059,0
                106.630229,10.82101,0
                106.630217,10.821007,0
                106.630218,10.821004,0
                106.630215,10.821003,0
                106.630242,10.820917,0
                106.630244,10.820918,0
                106.630245,10.820916,0
                106.630286,10.820928,0
                106.630285,10.82093,0
                106.630287,10.820931,0
                106.630261,10.821017,0
                106.63038,10.821053,0
                106.630474,10.820746,0
                106.630477,10.820747,0
                106.630478,10.820742,0
                106.63048,10.820739,0
                106.630485,10.820736,0
                106.630491,10.820734,0
                106.630498,10.820732,0
                106.630509,10.820731,0
                106.63053,10.820732,0
                106.630557,10.820736,0
                106.630586,10.820744,0
                106.630614,10.820754,0
                106.630639,10.820765,0
                106.630656,10.820776,0
                106.630665,10.820784,0
                106.630671,10.820791,0
                106.630674,10.820798,0
                106.630674,10.8208,0
                106.630672,10.820806,0
                106.630675,10.820806,0
                106.630581,10.821113,0
                106.6307,10.821148,0
                106.630726,10.821062,0
                106.630729,10.821063,0
                106.630729,10.821061,0
                106.63077,10.821073,0
                106.630769,10.821075,0
                106.630772,10.821076,0
                106.630745,10.821162,0
                106.630743,10.821161,0
                106.630742,10.821164,0
                106.630731,10.82116,0
                106.630716,10.821209,0
                106.630713,10.821208,0
                106.630712,10.821211,0
                106.630705,10.821209,0
                106.63066,10.821355,0
                106.630658,10.821354,0
                106.630657,10.821356,0
                106.630645,10.821353,0
                106.630645,10.82135,0
                106.630643,10.821349,0
                106.630688,10.821203,0
                106.630564,10.821166,0
                106.630422,10.821632,0
                106.630545,10.821669,0
                106.630551,10.821651,0
                106.630553,10.821651,0
                106.630554,10.821649,0
                106.630566,10.821652,0
                106.630566,10.821655,0
                106.630568,10.821656,0
                106.630563,10.821674,0
                106.63057,10.821676,0
                106.630569,10.821679,0
                106.630572,10.821679,0
                106.630557,10.821728,0
                106.630568,10.821731,0
                106.630567,10.821734,0
                106.63057,10.821735,0
                106.630544,10.821821,0
                106.630541,10.82182,0
                106.63054,10.821822,0
                106.6305,10.82181,0
                106.630501,10.821808,0
                106.630498,10.821807,0
                106.630524,10.821721,0
                106.630405,10.821685,0
                106.630311,10.821992,0
                106.630309,10.821991,0
                106.630307,10.821996,0
                106.630306,10.821998,0
                106.630303,10.822,0
                106.630298,10.822003,0
                106.630285,10.822006,0
                106.630269,10.822007,0
                106.630247,10.822005,0
                106.630222,10.822,0
                106.630199,10.821994,0
                106.630177,10.821987,0
                106.630155,10.821977,0
                106.630133,10.821965,0
                106.63012,10.821954,0
                106.630116,10.821949,0
                106.630113,10.821943,0
                106.630112,10.821938,0
                106.630114,10.821932,0
                106.630111,10.821932,0
                106.630205,10.821625,0
                106.630086,10.82159,0
                106.630059,10.821676,0
                106.630057,10.821675,0
                106.630056,10.821677,0
                106.630016,10.821665,0
                106.630016,10.821663,0
                106.630014,10.821662,0
              </coordinates>
            </LinearRing>
          </outerBoundaryIs>
        </Polygon>
      </Placemark>
    </Folder>
    <Folder>
      <name>Biên dạng depot</name>
      <Placemark>
        <name>Depot – biên dạng khu đất</name>
        <description>Ranh giới depot theo layer HC_B_Boundary_Line; diện tích ≈ 22.55 ha; chu vi ≈ 2,640 m</description>
        <styleUrl>#poly-FF00FF-3000-48</styleUrl>
        <Polygon>
          <outerBoundaryIs>
            <LinearRing>
              <tessellate>1</tessellate>
              <coordinates>
                106.615639,10.823232,0
                106.612558,10.824264,0
                106.612147,10.822838,0
                106.612662,10.822652,0
                106.612534,10.822288,0
                106.612048,10.822497,0
                106.611883,10.821925,0
                106.612003,10.821877,0
                106.61264,10.821721,0
                106.613422,10.821531,0
                106.614608,10.821276,0
                106.614741,10.821206,0
                106.615015,10.820945,0
                106.615229,10.820739,0
                106.615487,10.820493,0
                106.615635,10.820434,0
                106.61574,10.820332,0
                106.615854,10.820442,0
                106.616006,10.820282,0
                106.615894,10.820176,0
                106.616075,10.820103,0
                106.61627,10.820117,0
                106.616281,10.820019,0
                106.61648,10.820081,0
                106.616775,10.820143,0
                106.617135,10.820168,0
                106.61743,10.820148,0
                106.617663,10.820107,0
                106.61792,10.820033,0
                106.618245,10.819892,0
                106.618447,10.819773,0
                106.618638,10.819634,0
                106.618878,10.819429,0
                106.619152,10.819247,0
                106.619453,10.819109,0
                106.619826,10.81901,0
                106.620155,10.818981,0
                106.620431,10.818996,0
                106.620742,10.819058,0
                106.620955,10.81971,0
                106.620705,10.819829,0
                106.619593,10.820859,0
                106.619617,10.820989,0
                106.615639,10.823232,0
              </coordinates>
            </LinearRing>
          </outerBoundaryIs>
        </Polygon>
      </Placemark>
    </Folder>
    <Folder>
      <name>Tâm ga (nhãn)</name>
      <Placemark>
        <name>ST01 Bến Thành</name>
        <description>KM6+925.000</description>
        <styleUrl>#icon-1899-DB4436</styleUrl>
        <Point>
          <coordinates>
            106.697922,10.771074,0
          </coordinates>
        </Point>
      </Placemark>
      <Placemark>
        <name>ST02 Tao Đàn</name>
        <description>KM7+815.823</description>
        <styleUrl>#icon-1899-DB4436</styleUrl>
        <Point>
          <coordinates>
            106.690221,10.773177,0
          </coordinates>
        </Point>
      </Placemark>
      <Placemark>
        <name>ST03 Dân Chủ</name>
        <description>KM8+878.509</description>
        <styleUrl>#icon-1899-DB4436</styleUrl>
        <Point>
          <coordinates>
            106.681691,10.777776,0
          </coordinates>
        </Point>
      </Placemark>
      <Placemark>
        <name>ST04 Hòa Hưng</name>
        <description>KM9+878.536</description>
        <styleUrl>#icon-1899-DB4436</styleUrl>
        <Point>
          <coordinates>
            106.673654,10.782086,0
          </coordinates>
        </Point>
      </Placemark>
      <Placemark>
        <name>ST05 Lê Thị Riêng</name>
        <description>KM10+889.815</description>
        <styleUrl>#icon-1899-DB4436</styleUrl>
        <Point>
          <coordinates>
            106.665521,10.786435,0
          </coordinates>
        </Point>
      </Placemark>
      <Placemark>
        <name>ST06 Phạm Văn Hai</name>
        <description>KM11+608.652</description>
        <styleUrl>#icon-1899-DB4436</styleUrl>
        <Point>
          <coordinates>
            106.659735,10.789515,0
          </coordinates>
        </Point>
      </Placemark>
      <Placemark>
        <name>ST07 Bảy Hiền</name>
        <description>KM12+397.300</description>
        <styleUrl>#icon-1899-DB4436</styleUrl>
        <Point>
          <coordinates>
            106.65338,10.792886,0
          </coordinates>
        </Point>
      </Placemark>
      <Placemark>
        <name>ST08 Nguyễn Hồng Đào</name>
        <description>KM13+670.622</description>
        <styleUrl>#icon-1899-DB4436</styleUrl>
        <Point>
          <coordinates>
            106.643144,10.798371,0
          </coordinates>
        </Point>
      </Placemark>
      <Placemark>
        <name>ST09 Bà Quẹo</name>
        <description>KM14+965.631</description>
        <styleUrl>#icon-1899-DB4436</styleUrl>
        <Point>
          <coordinates>
            106.63516,10.806109,0
          </coordinates>
        </Point>
      </Placemark>
      <Placemark>
        <name>ST10 Phạm Văn Bạch</name>
        <description>KM15+698.462</description>
        <styleUrl>#icon-1899-DB4436</styleUrl>
        <Point>
          <coordinates>
            106.633134,10.812421,0
          </coordinates>
        </Point>
      </Placemark>
      <Placemark>
        <name>ST11 Tân Bình</name>
        <description>KM16+732.609</description>
        <styleUrl>#icon-1899-DB4436</styleUrl>
        <Point>
          <coordinates>
            106.630393,10.821368,0
          </coordinates>
        </Point>
      </Placemark>
    </Folder>
    <Folder>
      <name>Đường đỏ – tuyến trái</name>
      <Placemark>
        <name>ST01 Bến Thành → ST02 Tao Đàn</name>
        <description>Đường đỏ – tuyến trái; dài 375.7 m; Ngầm</description>
        <styleUrl>#line-FF0000-3000</styleUrl>
        <LineString>
          <tessellate>1</tessellate>
          <coordinates>
            106.694375,10.771232,0
            106.694372,10.771232,0
            106.694363,10.771233,0
            106.694354,10.771233,0
            106.694345,10.771234,0
            106.694336,10.771235,0
            106.694327,10.771235,0
            106.694318,10.771236,0
            106.694308,10.771236,0
            106.694299,10.771237,0
            106.69429,10.771238,0
            106.694281,10.771238,0
            106.694272,10.771239,0
            106.694263,10.771239,0
            106.694254,10.77124,0
            106.694245,10.771241,0
            106.694235,10.771242,0
            106.694226,10.771242,0
            106.694217,10.771243,0
            106.694208,10.771244,0
            106.694199,10.771244,0
            106.69419,10.771245,0
            106.694181,10.771246,0
            106.694172,10.771247,0
            106.694163,10.771248,0
            106.694153,10.771249,0
            106.694144,10.77125,0
            106.694135,10.77125,0
            106.694126,10.771251,0
            106.694117,10.771252,0
            106.694108,10.771253,0
            106.694099,10.771254,0
            106.69409,10.771255,0
            106.694081,10.771256,0
            106.694072,10.771257,0
            106.694063,10.771259,0
            106.694054,10.77126,0
            106.694044,10.771261,0
            106.694035,10.771262,0
            106.694026,10.771263,0
            106.694017,10.771264,0
            106.694008,10.771266,0
            106.693999,10.771267,0
            106.69399,10.771268,0
            106.693977,10.77127,0
            106.693867,10.771289,0
            106.693758,10.771313,0
            106.693649,10.77134,0
            106.693542,10.771373,0
            106.693436,10.771409,0
            106.693332,10.77145,0
            106.693323,10.771453,0
            106.693315,10.771457,0
            106.693307,10.77146,0
            106.693298,10.771464,0
            106.69329,10.771467,0
            106.693281,10.771471,0
            106.693273,10.771475,0
            106.693265,10.771478,0
            106.693256,10.771482,0
            106.693248,10.771486,0
            106.69324,10.77149,0
            106.693231,10.771493,0
            106.693223,10.771497,0
            106.693215,10.771501,0
            106.693206,10.771505,0
            106.693198,10.771509,0
            106.69319,10.771513,0
            106.693182,10.771517,0
            106.693173,10.77152,0
            106.693165,10.771524,0
            106.693157,10.771528,0
            106.693149,10.771532,0
            106.693141,10.771536,0
            106.693132,10.77154,0
            106.693124,10.771544,0
            106.693116,10.771548,0
            106.693108,10.771552,0
            106.6931,10.771557,0
            106.693092,10.771561,0
            106.693083,10.771565,0
            106.693075,10.771569,0
            106.693067,10.771573,0
            106.693059,10.771577,0
            106.693051,10.771581,0
            106.693043,10.771585,0
            106.693035,10.77159,0
            106.693027,10.771594,0
            106.693018,10.771598,0
            106.69301,10.771602,0
            106.693002,10.771606,0
            106.692994,10.771611,0
            106.692986,10.771615,0
            106.692978,10.771619,0
            106.69297,10.771623,0
            106.692962,10.771628,0
            106.692954,10.771632,0
            106.692946,10.771636,0
            106.692938,10.771641,0
            106.69293,10.771645,0
            106.692922,10.771649,0
            106.692914,10.771653,0
            106.692906,10.771658,0
            106.692898,10.771662,0
            106.69289,10.771666,0
            106.692882,10.771671,0
            106.692873,10.771675,0
            106.692865,10.771679,0
            106.692857,10.771684,0
            106.692849,10.771688,0
            106.692841,10.771692,0
            106.692833,10.771697,0
            106.692825,10.771701,0
            106.691249,10.772551,0
          </coordinates>
        </LineString>
      </Placemark>
      <Placemark>
        <name>ST02 Tao Đàn → ST03 Dân Chủ</name>
        <description>Đường đỏ – tuyến trái; dài 829.0 m; Ngầm</description>
        <styleUrl>#line-FF0000-3000</styleUrl>
        <LineString>
          <tessellate>1</tessellate>
          <coordinates>
            106.689282,10.773612,0
            106.683469,10.776748,0
            106.683331,10.776822,0
            106.683193,10.776896,0
            106.682628,10.7772,0
          </coordinates>
        </LineString>
      </Placemark>
      <Placemark>
        <name>ST03 Dân Chủ → ST04 Hòa Hưng</name>
        <description>Đường đỏ – tuyến trái; dài 763.6 m; Ngầm</description>
        <styleUrl>#line-FF0000-3000</styleUrl>
        <LineString>
          <tessellate>1</tessellate>
          <coordinates>
            106.680717,10.778226,0
            106.680571,10.778305,0
            106.680388,10.778404,0
            106.680205,10.778504,0
            106.679838,10.778707,0
            106.679655,10.778807,0
            106.679471,10.778906,0
            106.675933,10.780807,0
            106.675925,10.780811,0
            106.675917,10.780815,0
            106.675909,10.78082,0
            106.675901,10.780824,0
            106.675893,10.780828,0
            106.675885,10.780833,0
            106.675877,10.780837,0
            106.675869,10.780841,0
            106.675861,10.780846,0
            106.675853,10.78085,0
            106.675845,10.780854,0
            106.675837,10.780859,0
            106.675829,10.780863,0
            106.675821,10.780867,0
            106.675812,10.780872,0
            106.675804,10.780876,0
            106.675796,10.78088,0
            106.675788,10.780884,0
            106.67578,10.780889,0
            106.675772,10.780893,0
            106.675641,10.780963,0
            106.675509,10.781032,0
            106.675501,10.781036,0
            106.675493,10.78104,0
            106.675485,10.781044,0
            106.675477,10.781049,0
            106.675469,10.781053,0
            106.675461,10.781057,0
            106.675453,10.781061,0
            106.675445,10.781065,0
            106.675437,10.78107,0
            106.675429,10.781074,0
            106.67542,10.781078,0
            106.675412,10.781082,0
            106.675404,10.781086,0
            106.675396,10.781091,0
            106.675388,10.781095,0
            106.67538,10.781099,0
            106.675372,10.781103,0
            106.675364,10.781107,0
            106.675356,10.781112,0
            106.675348,10.781116,0
            106.675136,10.781225,0
            106.675128,10.781229,0
            106.67512,10.781233,0
            106.675112,10.781238,0
            106.675104,10.781242,0
            106.675096,10.781246,0
            106.675088,10.78125,0
            106.67508,10.781254,0
            106.675072,10.781259,0
            106.675064,10.781263,0
            106.675055,10.781267,0
            106.675047,10.781271,0
            106.675039,10.781275,0
            106.675031,10.78128,0
            106.675023,10.781284,0
            106.675015,10.781288,0
            106.675007,10.781292,0
            106.674999,10.781297,0
            106.674991,10.781301,0
            106.674983,10.781305,0
            106.674975,10.781309,0
            106.674868,10.781365,0
            106.674763,10.781421,0
            106.674755,10.781425,0
            106.674746,10.781429,0
            106.674738,10.781434,0
            106.67473,10.781438,0
            106.674722,10.781442,0
            106.674714,10.781446,0
            106.674706,10.781451,0
            106.674698,10.781455,0
            106.67469,10.781459,0
            106.674682,10.781464,0
            106.674674,10.781468,0
            106.674666,10.781472,0
            106.674658,10.781477,0
            106.67465,10.781481,0
            106.674642,10.781485,0
            106.674634,10.781489,0
            106.674626,10.781494,0
            106.674618,10.781498,0
            106.67461,10.781502,0
            106.674602,10.781507,0
            106.67458,10.781518,0
          </coordinates>
        </LineString>
      </Placemark>
      <Placemark>
        <name>ST04 Hòa Hưng → ST05 Lê Thị Riêng</name>
        <description>Đường đỏ – tuyến trái; dài 784.7 m; Ngầm</description>
        <styleUrl>#line-FF0000-3000</styleUrl>
        <LineString>
          <tessellate>1</tessellate>
          <coordinates>
            106.672667,10.782541,0
            106.672533,10.782613,0
            106.67235,10.782712,0
            106.672166,10.782812,0
            106.671799,10.783013,0
            106.671616,10.783113,0
            106.671432,10.783212,0
            106.667598,10.785263,0
            106.667414,10.785361,0
            106.667229,10.785458,0
            106.666857,10.785651,0
            106.666672,10.785748,0
            106.666488,10.785846,0
            106.666357,10.785916,0
          </coordinates>
        </LineString>
      </Placemark>
      <Placemark>
        <name>ST05 Lê Thị Riêng → ST06 Phạm Văn Hai</name>
        <description>Đường đỏ – tuyến trái; dài 492.1 m; Ngầm</description>
        <styleUrl>#line-FF0000-3000</styleUrl>
        <LineString>
          <tessellate>1</tessellate>
          <coordinates>
            106.664625,10.786842,0
            106.664493,10.786912,0
            106.66431,10.787011,0
            106.664126,10.787112,0
            106.663759,10.787313,0
            106.663576,10.787413,0
            106.663392,10.787512,0
            106.661783,10.788372,0
            106.661775,10.788377,0
            106.661767,10.788381,0
            106.661759,10.788385,0
            106.661751,10.78839,0
            106.661743,10.788394,0
            106.661735,10.788398,0
            106.661727,10.788403,0
            106.661719,10.788407,0
            106.661711,10.788411,0
            106.661703,10.788415,0
            106.661695,10.78842,0
            106.661687,10.788424,0
            106.661679,10.788428,0
            106.661671,10.788433,0
            106.661663,10.788437,0
            106.661655,10.788441,0
            106.661647,10.788446,0
            106.661639,10.78845,0
            106.661631,10.788454,0
            106.661623,10.788458,0
            106.661494,10.788526,0
            106.661365,10.788594,0
            106.661357,10.788598,0
            106.661349,10.788602,0
            106.661341,10.788606,0
            106.661333,10.78861,0
            106.661325,10.788615,0
            106.661317,10.788619,0
            106.661308,10.788623,0
            106.6613,10.788627,0
            106.661292,10.788631,0
            106.661284,10.788636,0
            106.661276,10.78864,0
            106.661268,10.788644,0
            106.66126,10.788648,0
            106.661252,10.788652,0
            106.661244,10.788656,0
            106.661236,10.788661,0
            106.661227,10.788665,0
            106.661219,10.788669,0
            106.661211,10.788673,0
            106.661203,10.788677,0
            106.660957,10.788804,0
            106.660839,10.788865,0
            106.660721,10.788927,0
            106.660666,10.788956,0
          </coordinates>
        </LineString>
      </Placemark>
      <Placemark>
        <name>ST06 Phạm Văn Hai → ST07 Bảy Hiền</name>
        <description>Đường đỏ – tuyến trái; dài 477.8 m; Ngầm</description>
        <styleUrl>#line-FF0000-3000</styleUrl>
        <LineString>
          <tessellate>1</tessellate>
          <coordinates>
            106.658743,10.789962,0
            106.657875,10.790416,0
            106.657716,10.7905,0
            106.657557,10.790585,0
            106.654897,10.79201,0
          </coordinates>
        </LineString>
      </Placemark>
      <Placemark>
        <name>ST07 Bảy Hiền → ST08 Nguyễn Hồng Đào</name>
        <description>Đường đỏ – tuyến trái; dài 976.2 m; Ngầm</description>
        <styleUrl>#line-FF0000-3000</styleUrl>
        <LineString>
          <tessellate>1</tessellate>
          <coordinates>
            106.651921,10.793605,0
            106.645405,10.797097,0
            106.645243,10.797183,0
            106.64508,10.797269,0
            106.644683,10.797476,0
            106.644521,10.797562,0
            106.644359,10.797648,0
            106.644069,10.797803,0
          </coordinates>
        </LineString>
      </Placemark>
      <Placemark>
        <name>ST08 Nguyễn Hồng Đào → ST09 Bà Quẹo</name>
        <description>Đường đỏ – tuyến trái; dài 1068.8 m; Ngầm</description>
        <styleUrl>#line-FF0000-3000</styleUrl>
        <LineString>
          <tessellate>1</tessellate>
          <coordinates>
            106.642114,10.798851,0
            106.637698,10.801217,0
            106.63769,10.801221,0
            106.637682,10.801226,0
            106.637674,10.80123,0
            106.637666,10.801234,0
            106.637657,10.801239,0
            106.637649,10.801243,0
            106.637641,10.801247,0
            106.637633,10.801252,0
            106.637625,10.801256,0
            106.637617,10.80126,0
            106.637609,10.801265,0
            106.637601,10.801269,0
            106.637593,10.801273,0
            106.637585,10.801278,0
            106.637577,10.801282,0
            106.637569,10.801286,0
            106.637561,10.801291,0
            106.637553,10.801295,0
            106.637545,10.801299,0
            106.637537,10.801304,0
            106.637529,10.801308,0
            106.637521,10.801313,0
            106.637513,10.801317,0
            106.637505,10.801321,0
            106.637497,10.801326,0
            106.637489,10.80133,0
            106.637481,10.801335,0
            106.637473,10.801339,0
            106.637465,10.801344,0
            106.637457,10.801348,0
            106.63745,10.801353,0
            106.637442,10.801357,0
            106.637434,10.801362,0
            106.637426,10.801366,0
            106.637418,10.801371,0
            106.63741,10.801375,0
            106.637402,10.80138,0
            106.637394,10.801384,0
            106.637386,10.801389,0
            106.637378,10.801394,0
            106.637371,10.801398,0
            106.637363,10.801403,0
            106.637355,10.801408,0
            106.637347,10.801412,0
            106.637339,10.801417,0
            106.637331,10.801422,0
            106.637324,10.801426,0
            106.637316,10.801431,0
            106.637308,10.801436,0
            106.6373,10.801441,0
            106.637293,10.801445,0
            106.637285,10.80145,0
            106.637277,10.801455,0
            106.637269,10.80146,0
            106.637262,10.801465,0
            106.637254,10.80147,0
            106.637246,10.801475,0
            106.637239,10.80148,0
            106.637231,10.801485,0
            106.637223,10.80149,0
            106.637216,10.801495,0
            106.637205,10.801502,0
            106.637116,10.801564,0
            106.637028,10.801629,0
            106.636944,10.801697,0
            106.636861,10.801769,0
            106.636782,10.801843,0
            106.636705,10.801921,0
            106.636632,10.802001,0
            106.636561,10.802083,0
            106.636494,10.802168,0
            106.636429,10.802256,0
            106.636368,10.802346,0
            106.636311,10.802438,0
            106.636256,10.802532,0
            106.636206,10.802628,0
            106.636159,10.802725,0
            106.636115,10.802825,0
            106.636112,10.802833,0
            106.636108,10.802841,0
            106.636105,10.80285,0
            106.636102,10.802858,0
            106.636098,10.802867,0
            106.636095,10.802875,0
            106.636092,10.802884,0
            106.636088,10.802892,0
            106.636085,10.8029,0
            106.636082,10.802909,0
            106.636079,10.802917,0
            106.636075,10.802926,0
            106.636072,10.802934,0
            106.636069,10.802943,0
            106.636066,10.802951,0
            106.636063,10.80296,0
            106.63606,10.802968,0
            106.636057,10.802977,0
            106.636053,10.802985,0
            106.63605,10.802994,0
            106.636047,10.803002,0
            106.636044,10.803011,0
            106.636041,10.803019,0
            106.636038,10.803028,0
            106.636036,10.803037,0
            106.636033,10.803045,0
            106.63603,10.803054,0
            106.636027,10.803062,0
            106.636024,10.803071,0
            106.636021,10.803079,0
            106.636018,10.803088,0
            106.636015,10.803097,0
            106.636012,10.803105,0
            106.63601,10.803114,0
            106.636007,10.803122,0
            106.636004,10.803131,0
            106.636001,10.80314,0
            106.635998,10.803148,0
            106.635996,10.803157,0
            106.635993,10.803165,0
            106.63599,10.803174,0
            106.635987,10.803183,0
            106.635985,10.803191,0
            106.635982,10.8032,0
            106.635979,10.803209,0
            106.635976,10.803217,0
            106.635974,10.803226,0
            106.635971,10.803234,0
            106.635968,10.803243,0
            106.635966,10.803252,0
            106.635963,10.80326,0
            106.63596,10.803269,0
            106.635958,10.803278,0
            106.635955,10.803286,0
            106.635952,10.803295,0
            106.63595,10.803304,0
            106.635947,10.803312,0
            106.635944,10.803321,0
            106.635942,10.80333,0
            106.635939,10.803338,0
            106.635936,10.803347,0
            106.635934,10.803356,0
            106.635394,10.805117,0
          </coordinates>
        </LineString>
      </Placemark>
      <Placemark>
        <name>ST09 Bà Quẹo → ST10 Phạm Văn Bạch</name>
        <description>Đường đỏ – tuyến trái; dài 480.7 m; Ngầm</description>
        <styleUrl>#line-FF0000-3000</styleUrl>
        <LineString>
          <tessellate>1</tessellate>
          <coordinates>
            106.634743,10.807242,0
            106.634106,10.809321,0
            106.634103,10.80933,0
            106.634101,10.809339,0
            106.634098,10.809347,0
            106.634096,10.809356,0
            106.634093,10.809365,0
            106.63409,10.809373,0
            106.634088,10.809382,0
            106.634085,10.809391,0
            106.634082,10.809399,0
            106.63408,10.809408,0
            106.634077,10.809416,0
            106.634074,10.809425,0
            106.634072,10.809434,0
            106.634069,10.809442,0
            106.634066,10.809451,0
            106.634064,10.80946,0
            106.634061,10.809468,0
            106.634058,10.809477,0
            106.634055,10.809486,0
            106.634053,10.809494,0
            106.63405,10.809503,0
            106.634047,10.809512,0
            106.634045,10.80952,0
            106.634042,10.809529,0
            106.634039,10.809537,0
            106.634036,10.809546,0
            106.634034,10.809555,0
            106.634031,10.809563,0
            106.634028,10.809572,0
            106.634025,10.809581,0
            106.634023,10.809589,0
            106.63402,10.809598,0
            106.634017,10.809606,0
            106.634014,10.809615,0
            106.634012,10.809624,0
            106.633964,10.809764,0
            106.633915,10.809904,0
            106.633912,10.809913,0
            106.633909,10.809921,0
            106.633906,10.80993,0
            106.633903,10.809938,0
            106.633899,10.809947,0
            106.633896,10.809955,0
            106.633893,10.809964,0
            106.63389,10.809972,0
            106.633887,10.809981,0
            106.633884,10.809989,0
            106.633881,10.809998,0
            106.633877,10.810006,0
            106.633874,10.810015,0
            106.633871,10.810023,0
            106.633868,10.810032,0
            106.633865,10.81004,0
            106.633861,10.810048,0
            106.633858,10.810057,0
            106.633855,10.810065,0
            106.633852,10.810074,0
            106.633849,10.810082,0
            106.633845,10.810091,0
            106.633842,10.810099,0
            106.633839,10.810108,0
            106.633836,10.810116,0
            106.633833,10.810125,0
            106.633829,10.810133,0
            106.633826,10.810142,0
            106.633823,10.81015,0
            106.63382,10.810158,0
            106.633816,10.810167,0
            106.633813,10.810175,0
            106.63381,10.810184,0
            106.633807,10.810192,0
            106.633803,10.810201,0
            106.633704,10.81046,0
            106.633701,10.810469,0
            106.633698,10.810477,0
            106.633694,10.810485,0
            106.633691,10.810494,0
            106.633688,10.810502,0
            106.633685,10.810511,0
            106.633682,10.810519,0
            106.633678,10.810528,0
            106.633675,10.810536,0
            106.633672,10.810545,0
            106.633669,10.810553,0
            106.633665,10.810562,0
            106.633662,10.81057,0
            106.633659,10.810578,0
            106.633656,10.810587,0
            106.633653,10.810595,0
            106.633649,10.810604,0
            106.633646,10.810612,0
            106.633643,10.810621,0
            106.63364,10.810629,0
            106.633637,10.810638,0
            106.633633,10.810646,0
            106.63363,10.810655,0
            106.633627,10.810663,0
            106.633624,10.810672,0
            106.633621,10.81068,0
            106.633618,10.810689,0
            106.633614,10.810697,0
            106.633611,10.810706,0
            106.633608,10.810714,0
            106.633605,10.810723,0
            106.633602,10.810731,0
            106.633599,10.81074,0
            106.633596,10.810748,0
            106.633593,10.810757,0
            106.633543,10.810896,0
            106.633496,10.811037,0
            106.633493,10.811046,0
            106.63349,10.811054,0
            106.633488,10.811063,0
            106.633485,10.811072,0
            106.633482,10.81108,0
            106.633479,10.811089,0
            106.633477,10.811097,0
            106.633474,10.811106,0
            106.633471,10.811115,0
            106.633468,10.811123,0
            106.633466,10.811132,0
            106.633463,10.811141,0
            106.63346,10.811149,0
            106.633458,10.811158,0
            106.633455,10.811166,0
            106.633452,10.811175,0
            106.633449,10.811184,0
            106.633447,10.811192,0
            106.633444,10.811201,0
            106.633441,10.81121,0
            106.633439,10.811218,0
            106.633436,10.811227,0
            106.633433,10.811236,0
            106.633431,10.811244,0
            106.633428,10.811253,0
            106.633425,10.811262,0
            106.633423,10.81127,0
            106.63342,10.811279,0
            106.633417,10.811288,0
            106.633415,10.811296,0
            106.633412,10.811305,0
            106.633409,10.811313,0
            106.633407,10.811322,0
            106.633404,10.811331,0
            106.633401,10.811339,0
            106.633391,10.811375,0
          </coordinates>
        </LineString>
      </Placemark>
      <Placemark>
        <name>ST10 Phạm Văn Bạch → ST11 Tân Bình</name>
        <description>Đường đỏ – tuyến trái; dài 838.3 m; Ngầm → dốc chuyển tiếp → trên cao</description>
        <styleUrl>#line-FF0000-3000</styleUrl>
        <LineString>
          <tessellate>1</tessellate>
          <coordinates>
            106.632748,10.813474,0
            106.632747,10.813479,0
            106.632744,10.813488,0
            106.632741,10.813497,0
            106.632739,10.813505,0
            106.632696,10.813652,0
            106.632655,10.813799,0
            106.632653,10.813807,0
            106.63265,10.813816,0
            106.632648,10.813825,0
            106.632645,10.813834,0
            106.632643,10.813842,0
            106.632641,10.813851,0
            106.632638,10.81386,0
            106.632636,10.813868,0
            106.632634,10.813877,0
            106.632631,10.813886,0
            106.632629,10.813895,0
            106.632626,10.813903,0
            106.632624,10.813912,0
            106.632622,10.813921,0
            106.632619,10.81393,0
            106.632617,10.813938,0
            106.632615,10.813947,0
            106.632612,10.813956,0
            106.63261,10.813965,0
            106.632608,10.813973,0
            106.632605,10.813982,0
            106.632603,10.813991,0
            106.632601,10.814,0
            106.632598,10.814008,0
            106.632596,10.814017,0
            106.632594,10.814026,0
            106.632592,10.814035,0
            106.632589,10.814043,0
            106.632587,10.814052,0
            106.632585,10.814061,0
            106.632511,10.814338,0
            106.632509,10.814347,0
            106.632506,10.814355,0
            106.632504,10.814364,0
            106.632502,10.814373,0
            106.632499,10.814381,0
            106.632497,10.81439,0
            106.632495,10.814399,0
            106.632492,10.814408,0
            106.63249,10.814416,0
            106.632488,10.814425,0
            106.632485,10.814434,0
            106.632483,10.814443,0
            106.632481,10.814451,0
            106.632478,10.81446,0
            106.632476,10.814469,0
            106.632474,10.814478,0
            106.632471,10.814486,0
            106.632469,10.814495,0
            106.632467,10.814504,0
            106.632464,10.814513,0
            106.632462,10.814521,0
            106.63246,10.81453,0
            106.632457,10.814539,0
            106.632455,10.814548,0
            106.632453,10.814556,0
            106.63245,10.814565,0
            106.632448,10.814574,0
            106.632445,10.814582,0
            106.632443,10.814591,0
            106.632441,10.8146,0
            106.632399,10.814747,0
            106.632357,10.814893,0
            106.632354,10.814902,0
            106.632352,10.814911,0
            106.632349,10.814919,0
            106.632346,10.814928,0
            106.632344,10.814937,0
            106.632341,10.814945,0
            106.632339,10.814954,0
            106.632336,10.814963,0
            106.632333,10.814971,0
            106.632331,10.81498,0
            106.632328,10.814989,0
            106.632326,10.814997,0
            106.632323,10.815006,0
            106.63232,10.815015,0
            106.632318,10.815023,0
            106.632315,10.815032,0
            106.632312,10.815041,0
            106.63231,10.815049,0
            106.632307,10.815058,0
            106.632304,10.815067,0
            106.632302,10.815075,0
            106.632299,10.815084,0
            106.632297,10.815093,0
            106.632294,10.815101,0
            106.632291,10.81511,0
            106.632289,10.815118,0
            106.632286,10.815127,0
            106.632283,10.815136,0
            106.632281,10.815144,0
            106.632278,10.815153,0
            106.630567,10.820739,0
          </coordinates>
        </LineString>
      </Placemark>
      <Placemark>
        <name>ST11 Tân Bình → Cuối tuyến</name>
        <description>Đường đỏ – tuyến trái; dài 342.1 m; Trên cao</description>
        <styleUrl>#line-FF0000-3000</styleUrl>
        <LineString>
          <tessellate>1</tessellate>
          <coordinates>
            106.630183,10.821989,0
            106.630183,10.82199,0
            106.63018,10.821999,0
            106.630177,10.822008,0
            106.630174,10.822016,0
            106.630172,10.822025,0
            106.630169,10.822033,0
            106.630166,10.822042,0
            106.630163,10.82205,0
            106.630125,10.822155,0
            106.630084,10.822258,0
            106.630039,10.82236,0
            106.62999,10.82246,0
            106.629938,10.822559,0
            106.629882,10.822655,0
            106.629823,10.822749,0
            106.62976,10.822842,0
            106.629694,10.822932,0
            106.629625,10.823019,0
            106.629552,10.823104,0
            106.629477,10.823187,0
            106.629398,10.823266,0
            106.629392,10.823273,0
            106.629385,10.823279,0
            106.629379,10.823285,0
            106.629372,10.823292,0
            106.629366,10.823298,0
            106.629359,10.823304,0
            106.629353,10.82331,0
            106.629346,10.823317,0
            106.629339,10.823323,0
            106.629333,10.823329,0
            106.629326,10.823335,0
            106.62932,10.823342,0
            106.629313,10.823348,0
            106.629306,10.823354,0
            106.6293,10.82336,0
            106.629293,10.823366,0
            106.629286,10.823373,0
            106.62928,10.823379,0
            106.629273,10.823385,0
            106.629266,10.823391,0
            106.628231,10.82435,0
          </coordinates>
        </LineString>
      </Placemark>
    </Folder>
    <Folder>
      <name>Đường đỏ – tuyến phải</name>
      <Placemark>
        <name>ST01 Bến Thành → ST02 Tao Đàn</name>
        <description>Đường đỏ – tuyến phải; dài 370.8 m; Ngầm</description>
        <styleUrl>#line-FF0000-3000</styleUrl>
        <LineString>
          <tessellate>1</tessellate>
          <coordinates>
            106.694381,10.771307,0
            106.694372,10.771308,0
            106.694363,10.771308,0
            106.694354,10.771309,0
            106.694345,10.77131,0
            106.694336,10.771311,0
            106.694327,10.771312,0
            106.694317,10.771312,0
            106.694308,10.771313,0
            106.694299,10.771314,0
            106.69429,10.771315,0
            106.694281,10.771316,0
            106.694272,10.771317,0
            106.694263,10.771318,0
            106.694254,10.771319,0
            106.694245,10.77132,0
            106.694236,10.771321,0
            106.694227,10.771322,0
            106.694217,10.771323,0
            106.694208,10.771324,0
            106.694199,10.771325,0
            106.69419,10.771326,0
            106.694181,10.771328,0
            106.694172,10.771329,0
            106.694163,10.77133,0
            106.694154,10.771331,0
            106.694145,10.771332,0
            106.694136,10.771334,0
            106.694123,10.771336,0
            106.694013,10.771355,0
            106.693903,10.771378,0
            106.693795,10.771406,0
            106.693688,10.771438,0
            106.693582,10.771475,0
            106.693478,10.771515,0
            106.693469,10.771519,0
            106.693461,10.771522,0
            106.693452,10.771526,0
            106.693444,10.771529,0
            106.693435,10.771533,0
            106.693427,10.771537,0
            106.693419,10.77154,0
            106.69341,10.771544,0
            106.693402,10.771548,0
            106.693394,10.771551,0
            106.693385,10.771555,0
            106.693377,10.771559,0
            106.693369,10.771563,0
            106.693361,10.771567,0
            106.693352,10.77157,0
            106.693344,10.771574,0
            106.693336,10.771578,0
            106.693327,10.771582,0
            106.693319,10.771586,0
            106.693311,10.77159,0
            106.693303,10.771594,0
            106.693295,10.771598,0
            106.693286,10.771602,0
            106.693278,10.771606,0
            106.69327,10.77161,0
            106.693262,10.771614,0
            106.693254,10.771618,0
            106.693245,10.771622,0
            106.693237,10.771626,0
            106.693229,10.77163,0
            106.693221,10.771634,0
            106.693213,10.771639,0
            106.693205,10.771643,0
            106.693197,10.771647,0
            106.693189,10.771651,0
            106.69318,10.771655,0
            106.693172,10.771659,0
            106.693164,10.771664,0
            106.693156,10.771668,0
            106.693148,10.771672,0
            106.69314,10.771676,0
            106.693132,10.77168,0
            106.693124,10.771685,0
            106.693116,10.771689,0
            106.693108,10.771693,0
            106.6931,10.771697,0
            106.693092,10.771702,0
            106.693084,10.771706,0
            106.693076,10.77171,0
            106.693067,10.771715,0
            106.693059,10.771719,0
            106.693051,10.771723,0
            106.693043,10.771728,0
            106.693035,10.771732,0
            106.693027,10.771736,0
            106.693019,10.771741,0
            106.693011,10.771745,0
            106.693003,10.771749,0
            106.692995,10.771753,0
            106.692987,10.771758,0
            106.692979,10.771762,0
            106.692971,10.771766,0
            106.69131,10.772662,0
          </coordinates>
        </LineString>
      </Placemark>
      <Placemark>
        <name>ST02 Tao Đàn → ST03 Dân Chủ</name>
        <description>Đường đỏ – tuyến phải; dài 831.6 m; Ngầm</description>
        <styleUrl>#line-FF0000-3000</styleUrl>
        <LineString>
          <tessellate>1</tessellate>
          <coordinates>
            106.689364,10.773712,0
            106.689304,10.773745,0
            106.689296,10.773749,0
            106.689288,10.773753,0
            106.68928,10.773758,0
            106.689272,10.773762,0
            106.689264,10.773766,0
            106.689256,10.773771,0
            106.689248,10.773775,0
            106.68924,10.773779,0
            106.689232,10.773783,0
            106.689224,10.773788,0
            106.689216,10.773792,0
            106.689208,10.773796,0
            106.6892,10.773801,0
            106.689192,10.773805,0
            106.689184,10.773809,0
            106.689176,10.773814,0
            106.689168,10.773818,0
            106.689159,10.773822,0
            106.689151,10.773827,0
            106.689143,10.773831,0
            106.688989,10.773913,0
            106.688835,10.773993,0
            106.688826,10.773997,0
            106.688818,10.774001,0
            106.68881,10.774006,0
            106.688802,10.77401,0
            106.688794,10.774014,0
            106.688786,10.774018,0
            106.688778,10.774022,0
            106.68877,10.774026,0
            106.688762,10.774031,0
            106.688753,10.774035,0
            106.688745,10.774039,0
            106.688737,10.774043,0
            106.688729,10.774047,0
            106.688721,10.774051,0
            106.688713,10.774056,0
            106.688705,10.77406,0
            106.688697,10.774064,0
            106.688688,10.774068,0
            106.68868,10.774072,0
            106.688672,10.774076,0
            106.688293,10.77427,0
            106.688284,10.774274,0
            106.688276,10.774279,0
            106.688268,10.774283,0
            106.68826,10.774287,0
            106.688252,10.774291,0
            106.688244,10.774295,0
            106.688236,10.774299,0
            106.688228,10.774304,0
            106.688219,10.774308,0
            106.688211,10.774312,0
            106.688203,10.774316,0
            106.688195,10.77432,0
            106.688187,10.774324,0
            106.688179,10.774329,0
            106.688171,10.774333,0
            106.688163,10.774337,0
            106.688155,10.774341,0
            106.688146,10.774345,0
            106.688138,10.774349,0
            106.68813,10.774354,0
            106.687975,10.774434,0
            106.687821,10.774516,0
            106.687813,10.77452,0
            106.687805,10.774524,0
            106.687797,10.774529,0
            106.687789,10.774533,0
            106.687781,10.774537,0
            106.687773,10.774542,0
            106.687765,10.774546,0
            106.687757,10.77455,0
            106.687749,10.774555,0
            106.687741,10.774559,0
            106.687733,10.774563,0
            106.687725,10.774568,0
            106.687717,10.774572,0
            106.687709,10.774576,0
            106.687701,10.77458,0
            106.687693,10.774585,0
            106.687685,10.774589,0
            106.687677,10.774593,0
            106.687669,10.774598,0
            106.687661,10.774602,0
            106.684368,10.776378,0
            106.68436,10.776383,0
            106.684352,10.776387,0
            106.684344,10.776391,0
            106.684336,10.776396,0
            106.684328,10.7764,0
            106.68432,10.776404,0
            106.684312,10.776409,0
            106.684304,10.776413,0
            106.684295,10.776417,0
            106.684287,10.776422,0
            106.684279,10.776426,0
            106.684271,10.77643,0
            106.684263,10.776435,0
            106.684255,10.776439,0
            106.684247,10.776443,0
            106.684239,10.776448,0
            106.684231,10.776452,0
            106.684223,10.776456,0
            106.684215,10.776461,0
            106.684207,10.776465,0
            106.684048,10.776553,0
            106.68389,10.776641,0
            106.683882,10.776646,0
            106.683874,10.77665,0
            106.683866,10.776655,0
            106.683858,10.776659,0
            106.68385,10.776664,0
            106.683842,10.776668,0
            106.683834,10.776673,0
            106.683826,10.776677,0
            106.683818,10.776682,0
            106.68381,10.776686,0
            106.683802,10.776691,0
            106.683794,10.776695,0
            106.683787,10.7767,0
            106.683779,10.776704,0
            106.683771,10.776709,0
            106.683763,10.776713,0
            106.683755,10.776718,0
            106.683747,10.776722,0
            106.683739,10.776727,0
            106.683731,10.776731,0
            106.683438,10.776898,0
            106.68343,10.776902,0
            106.683422,10.776907,0
            106.683415,10.776911,0
            106.683407,10.776916,0
            106.683399,10.77692,0
            106.683391,10.776925,0
            106.683383,10.776929,0
            106.683375,10.776934,0
            106.683367,10.776938,0
            106.683359,10.776943,0
            106.683351,10.776947,0
            106.683343,10.776952,0
            106.683335,10.776956,0
            106.683327,10.776961,0
            106.683319,10.776965,0
            106.683311,10.77697,0
            106.683304,10.776974,0
            106.683296,10.776979,0
            106.683288,10.776983,0
            106.68328,10.776988,0
            106.683103,10.777086,0
            106.682926,10.777183,0
            106.682918,10.777188,0
            106.68291,10.777192,0
            106.682902,10.777196,0
            106.682894,10.777201,0
            106.682886,10.777205,0
            106.682878,10.777209,0
            106.68287,10.777214,0
            106.682862,10.777218,0
            106.682854,10.777222,0
            106.682846,10.777227,0
            106.682838,10.777231,0
            106.68283,10.777235,0
            106.682822,10.77724,0
            106.682814,10.777244,0
            106.682806,10.777248,0
            106.682798,10.777253,0
            106.68279,10.777257,0
            106.682782,10.777261,0
            106.682774,10.777266,0
            106.682766,10.77727,0
            106.682689,10.777311,0
          </coordinates>
        </LineString>
      </Placemark>
      <Placemark>
        <name>ST03 Dân Chủ → ST04 Hòa Hưng</name>
        <description>Đường đỏ – tuyến phải; dài 763.7 m; Ngầm</description>
        <styleUrl>#line-FF0000-3000</styleUrl>
        <LineString>
          <tessellate>1</tessellate>
          <coordinates>
            106.680778,10.778338,0
            106.680712,10.778373,0
            106.680704,10.778377,0
            106.680696,10.778381,0
            106.680688,10.778386,0
            106.68068,10.77839,0
            106.680672,10.778394,0
            106.680664,10.778399,0
            106.680656,10.778403,0
            106.680648,10.778407,0
            106.68064,10.778412,0
            106.680632,10.778416,0
            106.680624,10.77842,0
            106.680616,10.778425,0
            106.680608,10.778429,0
            106.6806,10.778433,0
            106.680592,10.778438,0
            106.680584,10.778442,0
            106.680576,10.778446,0
            106.680568,10.77845,0
            106.68056,10.778455,0
            106.680552,10.778459,0
            106.680428,10.778524,0
            106.680304,10.778589,0
            106.680296,10.778593,0
            106.680288,10.778598,0
            106.68028,10.778602,0
            106.680272,10.778606,0
            106.680264,10.77861,0
            106.680256,10.778614,0
            106.680247,10.778619,0
            106.680239,10.778623,0
            106.680231,10.778627,0
            106.680223,10.778631,0
            106.680215,10.778635,0
            106.680207,10.77864,0
            106.680199,10.778644,0
            106.680191,10.778648,0
            106.680183,10.778652,0
            106.680175,10.778656,0
            106.680166,10.77866,0
            106.680158,10.778665,0
            106.68015,10.778669,0
            106.680142,10.778673,0
            106.679875,10.778811,0
            106.679867,10.778815,0
            106.679859,10.778819,0
            106.679851,10.778823,0
            106.679842,10.778828,0
            106.679834,10.778832,0
            106.679826,10.778836,0
            106.679818,10.77884,0
            106.67981,10.778844,0
            106.679802,10.778849,0
            106.679794,10.778853,0
            106.679786,10.778857,0
            106.679778,10.778861,0
            106.679769,10.778865,0
            106.679761,10.778869,0
            106.679753,10.778874,0
            106.679745,10.778878,0
            106.679737,10.778882,0
            106.679729,10.778886,0
            106.679721,10.77889,0
            106.679713,10.778895,0
            106.679589,10.778959,0
            106.679465,10.779025,0
            106.679457,10.779029,0
            106.679449,10.779034,0
            106.679441,10.779038,0
            106.679433,10.779042,0
            106.679425,10.779046,0
            106.679417,10.779051,0
            106.679409,10.779055,0
            106.679401,10.779059,0
            106.679393,10.779064,0
            106.679385,10.779068,0
            106.679377,10.779072,0
            106.679369,10.779077,0
            106.679361,10.779081,0
            106.679353,10.779085,0
            106.679345,10.779089,0
            106.679337,10.779094,0
            106.679329,10.779098,0
            106.679321,10.779102,0
            106.679313,10.779107,0
            106.679305,10.779111,0
            106.676039,10.780865,0
            106.67603,10.78087,0
            106.676022,10.780874,0
            106.676014,10.780878,0
            106.676006,10.780883,0
            106.675998,10.780887,0
            106.67599,10.780891,0
            106.675982,10.780896,0
            106.675974,10.7809,0
            106.675966,10.780904,0
            106.675958,10.780909,0
            106.67595,10.780913,0
            106.675942,10.780917,0
            106.675934,10.780922,0
            106.675926,10.780926,0
            106.675918,10.78093,0
            106.67591,10.780935,0
            106.675902,10.780939,0
            106.675894,10.780943,0
            106.675886,10.780948,0
            106.675878,10.780952,0
            106.675762,10.781015,0
            106.675647,10.781078,0
            106.675639,10.781082,0
            106.675631,10.781087,0
            106.675623,10.781091,0
            106.675615,10.781096,0
            106.675607,10.7811,0
            106.675599,10.781104,0
            106.675591,10.781109,0
            106.675583,10.781113,0
            106.675575,10.781118,0
            106.675567,10.781122,0
            106.675559,10.781127,0
            106.675551,10.781131,0
            106.675543,10.781135,0
            106.675535,10.78114,0
            106.675527,10.781144,0
            106.675519,10.781149,0
            106.675511,10.781153,0
            106.675503,10.781158,0
            106.675495,10.781162,0
            106.675487,10.781166,0
            106.675276,10.781284,0
            106.675268,10.781288,0
            106.67526,10.781293,0
            106.675252,10.781297,0
            106.675244,10.781302,0
            106.675236,10.781306,0
            106.675228,10.781311,0
            106.67522,10.781315,0
            106.675212,10.781319,0
            106.675204,10.781324,0
            106.675196,10.781328,0
            106.675188,10.781333,0
            106.67518,10.781337,0
            106.675172,10.781341,0
            106.675164,10.781346,0
            106.675156,10.78135,0
            106.675148,10.781355,0
            106.67514,10.781359,0
            106.675132,10.781364,0
            106.675124,10.781368,0
            106.675116,10.781372,0
            106.674975,10.781449,0
            106.674834,10.781526,0
            106.674826,10.78153,0
            106.674818,10.781534,0
            106.67481,10.781539,0
            106.674802,10.781543,0
            106.674794,10.781547,0
            106.674786,10.781552,0
            106.674778,10.781556,0
            106.67477,10.78156,0
            106.674762,10.781565,0
            106.674754,10.781569,0
            106.674746,10.781573,0
            106.674738,10.781578,0
            106.67473,10.781582,0
            106.674722,10.781586,0
            106.674714,10.78159,0
            106.674706,10.781595,0
            106.674698,10.781599,0
            106.67469,10.781603,0
            106.674682,10.781608,0
            106.674674,10.781612,0
            106.674641,10.78163,0
          </coordinates>
        </LineString>
      </Placemark>
      <Placemark>
        <name>ST04 Hòa Hưng → ST05 Lê Thị Riêng</name>
        <description>Đường đỏ – tuyến phải; dài 784.7 m; Ngầm</description>
        <styleUrl>#line-FF0000-3000</styleUrl>
        <LineString>
          <tessellate>1</tessellate>
          <coordinates>
            106.672728,10.782653,0
            106.672655,10.782692,0
            106.672647,10.782696,0
            106.672639,10.7827,0
            106.672631,10.782704,0
            106.672623,10.782709,0
            106.672615,10.782713,0
            106.672607,10.782717,0
            106.672599,10.782722,0
            106.672591,10.782726,0
            106.672583,10.78273,0
            106.672575,10.782734,0
            106.672567,10.782739,0
            106.672559,10.782743,0
            106.672551,10.782747,0
            106.672543,10.782752,0
            106.672535,10.782756,0
            106.672526,10.78276,0
            106.672518,10.782765,0
            106.67251,10.782769,0
            106.672502,10.782773,0
            106.672494,10.782777,0
            106.67237,10.782843,0
            106.672245,10.782908,0
            106.672237,10.782912,0
            106.672229,10.782916,0
            106.672221,10.782921,0
            106.672213,10.782925,0
            106.672204,10.782929,0
            106.672196,10.782933,0
            106.672188,10.782937,0
            106.67218,10.782941,0
            106.672172,10.782946,0
            106.672164,10.78295,0
            106.672156,10.782954,0
            106.672148,10.782958,0
            106.67214,10.782962,0
            106.672131,10.782967,0
            106.672123,10.782971,0
            106.672115,10.782975,0
            106.672107,10.782979,0
            106.672099,10.782983,0
            106.672091,10.782987,0
            106.672083,10.782992,0
            106.67182,10.783126,0
            106.671812,10.78313,0
            106.671804,10.783135,0
            106.671796,10.783139,0
            106.671788,10.783143,0
            106.67178,10.783147,0
            106.671771,10.783151,0
            106.671763,10.783155,0
            106.671755,10.78316,0
            106.671747,10.783164,0
            106.671739,10.783168,0
            106.671731,10.783172,0
            106.671723,10.783176,0
            106.671715,10.78318,0
            106.671707,10.783185,0
            106.671698,10.783189,0
            106.67169,10.783193,0
            106.671682,10.783197,0
            106.671674,10.783201,0
            106.671666,10.783206,0
            106.671658,10.78321,0
            106.671533,10.783275,0
            106.671409,10.78334,0
            106.671401,10.783345,0
            106.671393,10.783349,0
            106.671384,10.783353,0
            106.671376,10.783358,0
            106.671368,10.783362,0
            106.67136,10.783366,0
            106.671352,10.78337,0
            106.671344,10.783375,0
            106.671336,10.783379,0
            106.671328,10.783383,0
            106.67132,10.783388,0
            106.671312,10.783392,0
            106.671304,10.783396,0
            106.671296,10.7834,0
            106.671288,10.783405,0
            106.67128,10.783409,0
            106.671272,10.783413,0
            106.671264,10.783418,0
            106.671256,10.783422,0
            106.671248,10.783426,0
            106.667853,10.785242,0
            106.667845,10.785246,0
            106.667837,10.78525,0
            106.667829,10.785255,0
            106.667821,10.785259,0
            106.667813,10.785263,0
            106.667805,10.785268,0
            106.667797,10.785272,0
            106.667789,10.785276,0
            106.667781,10.78528,0
            106.667773,10.785285,0
            106.667765,10.785289,0
            106.667757,10.785293,0
            106.667748,10.785298,0
            106.66774,10.785302,0
            106.667732,10.785306,0
            106.667724,10.785311,0
            106.667716,10.785315,0
            106.667708,10.785319,0
            106.6677,10.785324,0
            106.667692,10.785328,0
            106.667569,10.785395,0
            106.667446,10.785462,0
            106.667438,10.785466,0
            106.66743,10.785471,0
            106.667423,10.785475,0
            106.667415,10.78548,0
            106.667407,10.785484,0
            106.667399,10.785489,0
            106.667391,10.785493,0
            106.667383,10.785497,0
            106.667375,10.785502,0
            106.667367,10.785506,0
            106.667359,10.785511,0
            106.667351,10.785515,0
            106.667343,10.78552,0
            106.667335,10.785524,0
            106.667327,10.785528,0
            106.667319,10.785533,0
            106.667311,10.785537,0
            106.667303,10.785542,0
            106.667295,10.785546,0
            106.667287,10.785551,0
            106.667025,10.785696,0
            106.667017,10.785701,0
            106.667009,10.785705,0
            106.667001,10.78571,0
            106.666993,10.785714,0
            106.666986,10.785718,0
            106.666978,10.785723,0
            106.66697,10.785727,0
            106.666962,10.785732,0
            106.666954,10.785736,0
            106.666946,10.785741,0
            106.666938,10.785745,0
            106.66693,10.785749,0
            106.666922,10.785754,0
            106.666914,10.785758,0
            106.666906,10.785763,0
            106.666898,10.785767,0
            106.66689,10.785772,0
            106.666882,10.785776,0
            106.666874,10.78578,0
            106.666866,10.785785,0
            106.666743,10.785852,0
            106.66662,10.785919,0
            106.666612,10.785923,0
            106.666604,10.785928,0
            106.666596,10.785932,0
            106.666588,10.785936,0
            106.66658,10.78594,0
            106.666572,10.785945,0
            106.666564,10.785949,0
            106.666556,10.785953,0
            106.666548,10.785958,0
            106.66654,10.785962,0
            106.666532,10.785966,0
            106.666524,10.785971,0
            106.666516,10.785975,0
            106.666508,10.785979,0
            106.6665,10.785984,0
            106.666492,10.785988,0
            106.666483,10.785992,0
            106.666475,10.785996,0
            106.666467,10.786001,0
            106.666459,10.786005,0
            106.666417,10.786027,0
          </coordinates>
        </LineString>
      </Placemark>
      <Placemark>
        <name>ST05 Lê Thị Riêng → ST06 Phạm Văn Hai</name>
        <description>Đường đỏ – tuyến phải; dài 492.2 m; Ngầm</description>
        <styleUrl>#line-FF0000-3000</styleUrl>
        <LineString>
          <tessellate>1</tessellate>
          <coordinates>
            106.664686,10.786954,0
            106.664636,10.78698,0
            106.664628,10.786984,0
            106.66462,10.786989,0
            106.664612,10.786993,0
            106.664604,10.786997,0
            106.664596,10.787001,0
            106.664588,10.787006,0
            106.66458,10.78701,0
            106.664572,10.787014,0
            106.664564,10.787019,0
            106.664556,10.787023,0
            106.664548,10.787027,0
            106.66454,10.787032,0
            106.664532,10.787036,0
            106.664524,10.78704,0
            106.664516,10.787044,0
            106.664508,10.787049,0
            106.6645,10.787053,0
            106.664492,10.787057,0
            106.664484,10.787061,0
            106.664475,10.787066,0
            106.664346,10.787134,0
            106.664217,10.787201,0
            106.664208,10.787206,0
            106.6642,10.78721,0
            106.664192,10.787214,0
            106.664184,10.787218,0
            106.664176,10.787222,0
            106.664168,10.787226,0
            106.66416,10.787231,0
            106.664152,10.787235,0
            106.664144,10.787239,0
            106.664135,10.787243,0
            106.664127,10.787247,0
            106.664119,10.787252,0
            106.664111,10.787256,0
            106.664103,10.78726,0
            106.664095,10.787264,0
            106.664087,10.787268,0
            106.664079,10.787272,0
            106.664071,10.787276,0
            106.664062,10.787281,0
            106.664054,10.787285,0
            106.66382,10.787405,0
            106.663812,10.787409,0
            106.663804,10.787413,0
            106.663796,10.787417,0
            106.663788,10.787421,0
            106.66378,10.787426,0
            106.663772,10.78743,0
            106.663764,10.787434,0
            106.663755,10.787438,0
            106.663747,10.787442,0
            106.663739,10.787446,0
            106.663731,10.787451,0
            106.663723,10.787455,0
            106.663715,10.787459,0
            106.663707,10.787463,0
            106.663699,10.787467,0
            106.66369,10.787471,0
            106.663682,10.787476,0
            106.663674,10.78748,0
            106.663666,10.787484,0
            106.663658,10.787488,0
            106.663528,10.787556,0
            106.663399,10.787624,0
            106.663391,10.787628,0
            106.663383,10.787632,0
            106.663375,10.787637,0
            106.663367,10.787641,0
            106.663359,10.787645,0
            106.663351,10.78765,0
            106.663343,10.787654,0
            106.663335,10.787658,0
            106.663327,10.787662,0
            106.663319,10.787667,0
            106.663311,10.787671,0
            106.663303,10.787675,0
            106.663294,10.78768,0
            106.663286,10.787684,0
            106.663278,10.787688,0
            106.66327,10.787692,0
            106.663262,10.787697,0
            106.663254,10.787701,0
            106.663246,10.787705,0
            106.663238,10.78771,0
            106.662195,10.788268,0
            106.662187,10.788272,0
            106.662179,10.788276,0
            106.662171,10.78828,0
            106.662163,10.788285,0
            106.662155,10.788289,0
            106.662147,10.788293,0
            106.662139,10.788298,0
            106.662131,10.788302,0
            106.662123,10.788306,0
            106.662115,10.788311,0
            106.662106,10.788315,0
            106.662098,10.788319,0
            106.66209,10.788324,0
            106.662082,10.788328,0
            106.662074,10.788332,0
            106.662066,10.788336,0
            106.662058,10.788341,0
            106.66205,10.788345,0
            106.662042,10.788349,0
            106.662034,10.788354,0
            106.661905,10.788424,0
            106.661777,10.788494,0
            106.661769,10.788499,0
            106.661761,10.788503,0
            106.661753,10.788508,0
            106.661745,10.788512,0
            106.661737,10.788516,0
            106.661729,10.788521,0
            106.661721,10.788525,0
            106.661713,10.78853,0
            106.661705,10.788534,0
            106.661697,10.788538,0
            106.661689,10.788543,0
            106.661681,10.788547,0
            106.661673,10.788552,0
            106.661665,10.788556,0
            106.661657,10.788561,0
            106.661649,10.788565,0
            106.661641,10.78857,0
            106.661633,10.788574,0
            106.661625,10.788578,0
            106.661617,10.788583,0
            106.661399,10.788704,0
            106.661391,10.788709,0
            106.661383,10.788713,0
            106.661375,10.788718,0
            106.661367,10.788722,0
            106.66136,10.788727,0
            106.661352,10.788731,0
            106.661344,10.788735,0
            106.661336,10.78874,0
            106.661328,10.788744,0
            106.66132,10.788749,0
            106.661312,10.788753,0
            106.661304,10.788758,0
            106.661296,10.788762,0
            106.661288,10.788766,0
            106.66128,10.788771,0
            106.661272,10.788775,0
            106.661264,10.78878,0
            106.661256,10.788784,0
            106.661248,10.788789,0
            106.66124,10.788793,0
            106.661232,10.788797,0
            106.661224,10.788802,0
            106.661216,10.788806,0
            106.661208,10.788811,0
            106.6612,10.788815,0
            106.661078,10.788881,0
            106.660956,10.788947,0
            106.660948,10.788951,0
            106.66094,10.788955,0
            106.660932,10.788959,0
            106.660924,10.788964,0
            106.660916,10.788968,0
            106.660908,10.788972,0
            106.6609,10.788976,0
            106.660892,10.788981,0
            106.660884,10.788985,0
            106.660876,10.788989,0
            106.660868,10.788993,0
            106.66086,10.788998,0
            106.660851,10.789002,0
            106.660843,10.789006,0
            106.660835,10.78901,0
            106.660827,10.789015,0
            106.660819,10.789019,0
            106.660811,10.789023,0
            106.660803,10.789027,0
            106.660795,10.789032,0
            106.660787,10.789036,0
            106.660779,10.78904,0
            106.660771,10.789044,0
            106.660763,10.789048,0
            106.660754,10.789053,0
            106.660725,10.789068,0
          </coordinates>
        </LineString>
      </Placemark>
      <Placemark>
        <name>ST06 Phạm Văn Hai → ST07 Bảy Hiền</name>
        <description>Đường đỏ – tuyến phải; dài 477.7 m; Ngầm</description>
        <styleUrl>#line-FF0000-3000</styleUrl>
        <LineString>
          <tessellate>1</tessellate>
          <coordinates>
            106.658803,10.790074,0
            106.658764,10.790094,0
            106.658756,10.790099,0
            106.658748,10.790103,0
            106.65874,10.790107,0
            106.658731,10.790111,0
            106.658723,10.790116,0
            106.658715,10.79012,0
            106.658707,10.790124,0
            106.658699,10.790128,0
            106.658691,10.790133,0
            106.658683,10.790137,0
            106.658675,10.790141,0
            106.658667,10.790145,0
            106.658659,10.790149,0
            106.658651,10.790154,0
            106.658643,10.790158,0
            106.658634,10.790162,0
            106.658626,10.790166,0
            106.658618,10.79017,0
            106.65861,10.790175,0
            106.658602,10.790179,0
            106.658476,10.790244,0
            106.65835,10.790308,0
            106.658342,10.790313,0
            106.658334,10.790317,0
            106.658326,10.790321,0
            106.658318,10.790325,0
            106.65831,10.790329,0
            106.658301,10.790333,0
            106.658293,10.790337,0
            106.658285,10.790341,0
            106.658277,10.790346,0
            106.658269,10.79035,0
            106.658261,10.790354,0
            106.658253,10.790358,0
            106.658244,10.790362,0
            106.658236,10.790366,0
            106.658228,10.79037,0
            106.65822,10.790374,0
            106.658212,10.790378,0
            106.658204,10.790383,0
            106.658196,10.790387,0
            106.658187,10.790391,0
            106.657943,10.790514,0
            106.657935,10.790518,0
            106.657927,10.790522,0
            106.657919,10.790526,0
            106.657911,10.790531,0
            106.657903,10.790535,0
            106.657894,10.790539,0
            106.657886,10.790543,0
            106.657878,10.790547,0
            106.65787,10.790551,0
            106.657862,10.790555,0
            106.657854,10.790559,0
            106.657846,10.790563,0
            106.657837,10.790568,0
            106.657829,10.790572,0
            106.657821,10.790576,0
            106.657813,10.79058,0
            106.657805,10.790584,0
            106.657797,10.790588,0
            106.657789,10.790592,0
            106.657781,10.790596,0
            106.657772,10.790601,0
            106.657764,10.790605,0
            106.657756,10.790609,0
            106.657748,10.790613,0
            106.65774,10.790617,0
            106.657593,10.790693,0
            106.657447,10.79077,0
            106.657439,10.790774,0
            106.657431,10.790778,0
            106.657423,10.790782,0
            106.657415,10.790787,0
            106.657407,10.790791,0
            106.657399,10.790795,0
            106.657391,10.790799,0
            106.657383,10.790804,0
            106.657375,10.790808,0
            106.657367,10.790812,0
            106.657359,10.790817,0
            106.657351,10.790821,0
            106.657343,10.790825,0
            106.657334,10.79083,0
            106.657326,10.790834,0
            106.657318,10.790838,0
            106.65731,10.790842,0
            106.657302,10.790847,0
            106.657294,10.790851,0
            106.657286,10.790855,0
            106.657278,10.79086,0
            106.65727,10.790864,0
            106.657262,10.790868,0
            106.657254,10.790873,0
            106.657246,10.790877,0
            106.65495,10.792107,0
          </coordinates>
        </LineString>
      </Placemark>
      <Placemark>
        <name>ST07 Bảy Hiền → ST08 Nguyễn Hồng Đào</name>
        <description>Đường đỏ – tuyến phải; dài 971.0 m; Ngầm</description>
        <styleUrl>#line-FF0000-3000</styleUrl>
        <LineString>
          <tessellate>1</tessellate>
          <coordinates>
            106.651933,10.793724,0
            106.651757,10.793818,0
            106.651589,10.793908,0
            106.651421,10.793996,0
            106.650984,10.794225,0
            106.650815,10.794313,0
            106.650647,10.794403,0
            106.645723,10.797041,0
            106.645715,10.797046,0
            106.645707,10.79705,0
            106.645699,10.797054,0
            106.645691,10.797059,0
            106.645683,10.797063,0
            106.645675,10.797067,0
            106.645667,10.797072,0
            106.645659,10.797076,0
            106.645651,10.79708,0
            106.645643,10.797085,0
            106.645635,10.797089,0
            106.645627,10.797093,0
            106.645619,10.797097,0
            106.645611,10.797102,0
            106.645602,10.797106,0
            106.645594,10.79711,0
            106.645586,10.797115,0
            106.645578,10.797119,0
            106.64557,10.797123,0
            106.645562,10.797128,0
            106.645432,10.797199,0
            106.645302,10.79727,0
            106.645294,10.797275,0
            106.645286,10.797279,0
            106.645278,10.797284,0
            106.64527,10.797288,0
            106.645262,10.797292,0
            106.645254,10.797297,0
            106.645246,10.797301,0
            106.645238,10.797306,0
            106.64523,10.79731,0
            106.645222,10.797315,0
            106.645214,10.797319,0
            106.645206,10.797324,0
            106.645198,10.797328,0
            106.64519,10.797332,0
            106.645182,10.797337,0
            106.645174,10.797341,0
            106.645166,10.797346,0
            106.645158,10.79735,0
            106.64515,10.797355,0
            106.645142,10.797359,0
            106.644857,10.797518,0
            106.644849,10.797523,0
            106.644841,10.797527,0
            106.644833,10.797532,0
            106.644825,10.797536,0
            106.644817,10.797541,0
            106.644809,10.797545,0
            106.644801,10.797549,0
            106.644793,10.797554,0
            106.644785,10.797558,0
            106.644778,10.797563,0
            106.64477,10.797567,0
            106.644762,10.797572,0
            106.644754,10.797576,0
            106.644746,10.797581,0
            106.644738,10.797585,0
            106.64473,10.797589,0
            106.644722,10.797594,0
            106.644714,10.797598,0
            106.644706,10.797603,0
            106.644698,10.797607,0
            106.644568,10.797679,0
            106.644437,10.79775,0
            106.644429,10.797754,0
            106.644421,10.797758,0
            106.644413,10.797763,0
            106.644405,10.797767,0
            106.644397,10.797771,0
            106.644389,10.797776,0
            106.644381,10.79778,0
            106.644373,10.797784,0
            106.644365,10.797789,0
            106.644357,10.797793,0
            106.644349,10.797797,0
            106.644341,10.797802,0
            106.644333,10.797806,0
            106.644325,10.79781,0
            106.644317,10.797815,0
            106.644309,10.797819,0
            106.644301,10.797823,0
            106.644293,10.797827,0
            106.644284,10.797832,0
            106.644276,10.797836,0
            106.64413,10.797914,0
          </coordinates>
        </LineString>
      </Placemark>
      <Placemark>
        <name>ST08 Nguyễn Hồng Đào → ST09 Bà Quẹo</name>
        <description>Đường đỏ – tuyến phải; dài 1058.2 m; Ngầm</description>
        <styleUrl>#line-FF0000-3000</styleUrl>
        <LineString>
          <tessellate>1</tessellate>
          <coordinates>
            106.642175,10.798962,0
            106.642103,10.799001,0
            106.642095,10.799005,0
            106.642087,10.799009,0
            106.642079,10.799013,0
            106.642071,10.799018,0
            106.642063,10.799022,0
            106.642055,10.799026,0
            106.642047,10.799031,0
            106.642039,10.799035,0
            106.642031,10.799039,0
            106.642023,10.799044,0
            106.642015,10.799048,0
            106.642007,10.799052,0
            106.641999,10.799056,0
            106.641991,10.799061,0
            106.641983,10.799065,0
            106.641975,10.799069,0
            106.641966,10.799074,0
            106.641958,10.799078,0
            106.64195,10.799082,0
            106.641942,10.799086,0
            106.641785,10.799169,0
            106.641628,10.799251,0
            106.64162,10.799255,0
            106.641611,10.799259,0
            106.641603,10.799263,0
            106.641595,10.799267,0
            106.641587,10.799271,0
            106.641579,10.799275,0
            106.641571,10.79928,0
            106.641563,10.799284,0
            106.641555,10.799288,0
            106.641546,10.799292,0
            106.641538,10.799296,0
            106.64153,10.7993,0
            106.641522,10.799304,0
            106.641514,10.799309,0
            106.641506,10.799313,0
            106.641498,10.799317,0
            106.641489,10.799321,0
            106.641481,10.799325,0
            106.641473,10.799329,0
            106.641465,10.799333,0
            106.641101,10.799518,0
            106.641093,10.799522,0
            106.641085,10.799526,0
            106.641077,10.79953,0
            106.641069,10.799534,0
            106.641061,10.799538,0
            106.641053,10.799542,0
            106.641045,10.799547,0
            106.641036,10.799551,0
            106.641028,10.799555,0
            106.64102,10.799559,0
            106.641012,10.799563,0
            106.641004,10.799567,0
            106.640996,10.799571,0
            106.640988,10.799576,0
            106.640979,10.79958,0
            106.640971,10.799584,0
            106.640963,10.799588,0
            106.640955,10.799592,0
            106.640947,10.799596,0
            106.640939,10.7996,0
            106.640781,10.799682,0
            106.640624,10.799765,0
            106.640616,10.799769,0
            106.640608,10.799773,0
            106.6406,10.799777,0
            106.640592,10.799782,0
            106.640584,10.799786,0
            106.640576,10.79979,0
            106.640568,10.799795,0
            106.64056,10.799799,0
            106.640552,10.799803,0
            106.640544,10.799807,0
            106.640536,10.799812,0
            106.640528,10.799816,0
            106.64052,10.79982,0
            106.640512,10.799825,0
            106.640503,10.799829,0
            106.640495,10.799833,0
            106.640487,10.799838,0
            106.640479,10.799842,0
            106.640471,10.799846,0
            106.640463,10.79985,0
            106.637822,10.801265,0
            106.637814,10.80127,0
            106.637806,10.801274,0
            106.637798,10.801278,0
            106.63779,10.801283,0
            106.637782,10.801287,0
            106.637774,10.801291,0
            106.637766,10.801296,0
            106.637758,10.8013,0
            106.63775,10.801304,0
            106.637742,10.801309,0
            106.637734,10.801313,0
            106.637726,10.801317,0
            106.637718,10.801322,0
            106.63771,10.801326,0
            106.637702,10.80133,0
            106.637694,10.801335,0
            106.637686,10.801339,0
            106.637678,10.801343,0
            106.63767,10.801348,0
            106.637662,10.801352,0
            106.637654,10.801357,0
            106.637646,10.801361,0
            106.637638,10.801365,0
            106.63763,10.80137,0
            106.637622,10.801374,0
            106.637614,10.801379,0
            106.637606,10.801383,0
            106.637598,10.801388,0
            106.63759,10.801392,0
            106.637582,10.801396,0
            106.637574,10.801401,0
            106.637566,10.801405,0
            106.637558,10.80141,0
            106.63755,10.801415,0
            106.637543,10.801419,0
            106.637535,10.801424,0
            106.637527,10.801428,0
            106.637519,10.801433,0
            106.637511,10.801437,0
            106.637503,10.801442,0
            106.637495,10.801447,0
            106.637487,10.801451,0
            106.63748,10.801456,0
            106.637472,10.801461,0
            106.637464,10.801465,0
            106.637456,10.80147,0
            106.637448,10.801475,0
            106.637441,10.801479,0
            106.637433,10.801484,0
            106.637425,10.801489,0
            106.637417,10.801494,0
            106.63741,10.801499,0
            106.637402,10.801503,0
            106.637394,10.801508,0
            106.637386,10.801513,0
            106.637379,10.801518,0
            106.637371,10.801523,0
            106.637363,10.801528,0
            106.637356,10.801533,0
            106.637348,10.801538,0
            106.637341,10.801543,0
            106.63733,10.80155,0
            106.63724,10.801612,0
            106.637153,10.801677,0
            106.637068,10.801746,0
            106.636986,10.801817,0
            106.636907,10.801892,0
            106.63683,10.801969,0
            106.636756,10.802049,0
            106.636686,10.802132,0
            106.636618,10.802217,0
            106.636554,10.802304,0
            106.636493,10.802394,0
            106.636435,10.802486,0
            106.636381,10.80258,0
            106.63633,10.802676,0
            106.636283,10.802774,0
            106.63624,10.802873,0
            106.636236,10.802881,0
            106.636233,10.80289,0
            106.63623,10.802898,0
            106.636226,10.802907,0
            106.636223,10.802915,0
            106.63622,10.802923,0
            106.636216,10.802932,0
            106.636213,10.80294,0
            106.63621,10.802949,0
            106.636206,10.802957,0
            106.636203,10.802966,0
            106.6362,10.802974,0
            106.636197,10.802983,0
            106.636194,10.802991,0
            106.636191,10.803,0
            106.636187,10.803008,0
            106.636184,10.803017,0
            106.636181,10.803025,0
            106.636178,10.803034,0
            106.636175,10.803042,0
            106.636172,10.803051,0
            106.636169,10.803059,0
            106.636166,10.803068,0
            106.636163,10.803076,0
            106.63616,10.803085,0
            106.636157,10.803093,0
            106.636154,10.803102,0
            106.636151,10.803111,0
            106.636149,10.803119,0
            106.636146,10.803128,0
            106.636143,10.803136,0
            106.63614,10.803145,0
            106.636137,10.803153,0
            106.636134,10.803162,0
            106.636131,10.803171,0
            106.636129,10.803179,0
            106.636126,10.803188,0
            106.636123,10.803197,0
            106.63612,10.803205,0
            106.636118,10.803214,0
            106.636115,10.803222,0
            106.636112,10.803231,0
            106.636109,10.80324,0
            106.636107,10.803248,0
            106.636104,10.803257,0
            106.636101,10.803266,0
            106.636098,10.803274,0
            106.636096,10.803283,0
            106.636093,10.803291,0
            106.63609,10.8033,0
            106.636088,10.803309,0
            106.636085,10.803317,0
            106.636082,10.803326,0
            106.63608,10.803335,0
            106.636077,10.803343,0
            106.636074,10.803352,0
            106.636072,10.803361,0
            106.636069,10.803369,0
            106.636066,10.803378,0
            106.636064,10.803387,0
            106.636061,10.803395,0
            106.636058,10.803404,0
            106.635522,10.805155,0
          </coordinates>
        </LineString>
      </Placemark>
      <Placemark>
        <name>ST09 Bà Quẹo → ST10 Phạm Văn Bạch</name>
        <description>Đường đỏ – tuyến phải; dài 497.3 m; Ngầm</description>
        <styleUrl>#line-FF0000-3000</styleUrl>
        <LineString>
          <tessellate>1</tessellate>
          <coordinates>
            106.634915,10.807137,0
            106.634295,10.809159,0
            106.634293,10.809168,0
            106.63429,10.809177,0
            106.634287,10.809185,0
            106.634285,10.809194,0
            106.634282,10.809203,0
            106.634279,10.809211,0
            106.634277,10.80922,0
            106.634274,10.809229,0
            106.634271,10.809237,0
            106.634269,10.809246,0
            106.634266,10.809255,0
            106.634263,10.809263,0
            106.634261,10.809272,0
            106.634258,10.809281,0
            106.634255,10.809289,0
            106.634253,10.809298,0
            106.63425,10.809307,0
            106.634247,10.809315,0
            106.634245,10.809324,0
            106.634242,10.809332,0
            106.634239,10.809341,0
            106.634236,10.80935,0
            106.634234,10.809358,0
            106.634231,10.809367,0
            106.634228,10.809376,0
            106.634226,10.809384,0
            106.634223,10.809393,0
            106.63422,10.809401,0
            106.634217,10.80941,0
            106.634215,10.809419,0
            106.634212,10.809427,0
            106.634209,10.809436,0
            106.634206,10.809445,0
            106.634203,10.809453,0
            106.634201,10.809462,0
            106.634154,10.809602,0
            106.634104,10.809742,0
            106.634101,10.809751,0
            106.634098,10.809759,0
            106.634095,10.809768,0
            106.634092,10.809776,0
            106.634089,10.809785,0
            106.634085,10.809793,0
            106.634082,10.809802,0
            106.634079,10.80981,0
            106.634076,10.809819,0
            106.634073,10.809827,0
            106.63407,10.809836,0
            106.634067,10.809844,0
            106.634063,10.809853,0
            106.63406,10.809861,0
            106.634057,10.80987,0
            106.634054,10.809878,0
            106.634051,10.809887,0
            106.634047,10.809895,0
            106.634044,10.809904,0
            106.634041,10.809912,0
            106.634038,10.80992,0
            106.634035,10.809929,0
            106.634031,10.809937,0
            106.634028,10.809946,0
            106.634025,10.809954,0
            106.634022,10.809963,0
            106.634018,10.809971,0
            106.634015,10.80998,0
            106.634012,10.809988,0
            106.634009,10.809997,0
            106.634005,10.810005,0
            106.634002,10.810014,0
            106.633999,10.810022,0
            106.633996,10.81003,0
            106.633993,10.810039,0
            106.633836,10.810448,0
            106.633833,10.810456,0
            106.633829,10.810465,0
            106.633826,10.810473,0
            106.633823,10.810482,0
            106.63382,10.81049,0
            106.633816,10.810499,0
            106.633813,10.810507,0
            106.63381,10.810516,0
            106.633807,10.810524,0
            106.633804,10.810533,0
            106.6338,10.810541,0
            106.633797,10.810549,0
            106.633794,10.810558,0
            106.633791,10.810566,0
            106.633787,10.810575,0
            106.633784,10.810583,0
            106.633781,10.810592,0
            106.633778,10.8106,0
            106.633775,10.810609,0
            106.633771,10.810617,0
            106.633768,10.810626,0
            106.633765,10.810634,0
            106.633762,10.810643,0
            106.633759,10.810651,0
            106.633756,10.81066,0
            106.633752,10.810668,0
            106.633749,10.810677,0
            106.633746,10.810685,0
            106.633743,10.810694,0
            106.63374,10.810702,0
            106.633737,10.810711,0
            106.633734,10.810719,0
            106.633731,10.810728,0
            106.633727,10.810736,0
            106.633724,10.810745,0
            106.633675,10.810884,0
            106.633628,10.811025,0
            106.633625,10.811034,0
            106.633622,10.811042,0
            106.633619,10.811051,0
            106.633617,10.81106,0
            106.633614,10.811068,0
            106.633611,10.811077,0
            106.633608,10.811085,0
            106.633606,10.811094,0
            106.633603,10.811103,0
            106.6336,10.811111,0
            106.633597,10.81112,0
            106.633595,10.811129,0
            106.633592,10.811137,0
            106.633589,10.811146,0
            106.633587,10.811154,0
            106.633584,10.811163,0
            106.633581,10.811172,0
            106.633578,10.81118,0
            106.633576,10.811189,0
            106.633573,10.811198,0
            106.63357,10.811206,0
            106.633568,10.811215,0
            106.633565,10.811224,0
            106.633562,10.811232,0
            106.63356,10.811241,0
            106.633557,10.81125,0
            106.633554,10.811258,0
            106.633552,10.811267,0
            106.633549,10.811275,0
            106.633546,10.811284,0
            106.633544,10.811293,0
            106.633541,10.811301,0
            106.633539,10.81131,0
            106.633536,10.811319,0
            106.633533,10.811327,0
            106.633508,10.81141,0
          </coordinates>
        </LineString>
      </Placemark>
      <Placemark>
        <name>ST10 Phạm Văn Bạch → ST11 Tân Bình</name>
        <description>Đường đỏ – tuyến phải; dài 838.3 m; Ngầm → dốc chuyển tiếp → trên cao</description>
        <styleUrl>#line-FF0000-3000</styleUrl>
        <LineString>
          <tessellate>1</tessellate>
          <coordinates>
            106.632864,10.813509,0
            106.632863,10.813514,0
            106.63286,10.813523,0
            106.632857,10.813531,0
            106.632855,10.81354,0
            106.632808,10.813685,0
            106.63276,10.81383,0
            106.632757,10.813839,0
            106.632754,10.813847,0
            106.632751,10.813856,0
            106.632748,10.813864,0
            106.632745,10.813873,0
            106.632742,10.813881,0
            106.632739,10.81389,0
            106.632736,10.813899,0
            106.632733,10.813907,0
            106.63273,10.813916,0
            106.632727,10.813924,0
            106.632724,10.813933,0
            106.632722,10.813941,0
            106.632719,10.81395,0
            106.632716,10.813958,0
            106.632713,10.813967,0
            106.63271,10.813976,0
            106.632707,10.813984,0
            106.632704,10.813993,0
            106.632701,10.814001,0
            106.632698,10.81401,0
            106.632695,10.814018,0
            106.632692,10.814027,0
            106.632689,10.814035,0
            106.632686,10.814044,0
            106.632683,10.814052,0
            106.63268,10.814061,0
            106.632677,10.81407,0
            106.632674,10.814078,0
            106.632671,10.814087,0
            106.632577,10.814357,0
            106.632574,10.814366,0
            106.632571,10.814375,0
            106.632568,10.814383,0
            106.632565,10.814392,0
            106.632562,10.8144,0
            106.632559,10.814409,0
            106.632556,10.814417,0
            106.632553,10.814426,0
            106.63255,10.814434,0
            106.632547,10.814443,0
            106.632544,10.814451,0
            106.632541,10.81446,0
            106.632538,10.814469,0
            106.632535,10.814477,0
            106.632532,10.814486,0
            106.632529,10.814494,0
            106.632526,10.814503,0
            106.632523,10.814511,0
            106.63252,10.81452,0
            106.632517,10.814528,0
            106.632515,10.814537,0
            106.632512,10.814546,0
            106.632509,10.814554,0
            106.632506,10.814563,0
            106.632503,10.814571,0
            106.6325,10.81458,0
            106.632497,10.814588,0
            106.632494,10.814597,0
            106.632491,10.814606,0
            106.632488,10.814614,0
            106.63244,10.814759,0
            106.632393,10.814904,0
            106.632391,10.814913,0
            106.632388,10.814921,0
            106.632385,10.81493,0
            106.632382,10.814939,0
            106.63238,10.814947,0
            106.632377,10.814956,0
            106.632374,10.814965,0
            106.632372,10.814973,0
            106.632369,10.814982,0
            106.632366,10.814991,0
            106.632364,10.814999,0
            106.632361,10.815008,0
            106.632358,10.815017,0
            106.632356,10.815025,0
            106.632353,10.815034,0
            106.63235,10.815042,0
            106.632348,10.815051,0
            106.632345,10.81506,0
            106.632342,10.815068,0
            106.63234,10.815077,0
            106.632337,10.815086,0
            106.632334,10.815094,0
            106.632332,10.815103,0
            106.632329,10.815112,0
            106.632326,10.81512,0
            106.632324,10.815129,0
            106.632321,10.815138,0
            106.632318,10.815146,0
            106.632316,10.815155,0
            106.632313,10.815164,0
            106.630602,10.820749,0
          </coordinates>
        </LineString>
      </Placemark>
      <Placemark>
        <name>ST11 Tân Bình → Cuối tuyến</name>
        <description>Đường đỏ – tuyến phải; dài 344.2 m; Trên cao</description>
        <styleUrl>#line-FF0000-3000</styleUrl>
        <LineString>
          <tessellate>1</tessellate>
          <coordinates>
            106.630218,10.821999,0
            106.630217,10.822003,0
            106.630214,10.822012,0
            106.630211,10.82202,0
            106.630209,10.822029,0
            106.630206,10.822038,0
            106.630203,10.822046,0
            106.6302,10.822055,0
            106.630197,10.822063,0
            106.630159,10.822169,0
            106.630118,10.822273,0
            106.630072,10.822376,0
            106.630023,10.822477,0
            106.62997,10.822577,0
            106.629914,10.822674,0
            106.629854,10.822769,0
            106.62979,10.822862,0
            106.629724,10.822953,0
            106.629654,10.823041,0
            106.629581,10.823127,0
            106.629504,10.823211,0
            106.629425,10.823291,0
            106.629419,10.823297,0
            106.629412,10.823304,0
            106.629406,10.82331,0
            106.629399,10.823316,0
            106.629393,10.823323,0
            106.629386,10.823329,0
            106.629379,10.823335,0
            106.629373,10.823341,0
            106.629366,10.823348,0
            106.62936,10.823354,0
            106.629353,10.82336,0
            106.629346,10.823366,0
            106.62934,10.823372,0
            106.629333,10.823379,0
            106.629326,10.823385,0
            106.62932,10.823391,0
            106.629313,10.823397,0
            106.629306,10.823403,0
            106.6293,10.82341,0
            106.629293,10.823416,0
            106.628256,10.824376,0
          </coordinates>
        </LineString>
      </Placemark>
    </Folder>
    <Folder>
      <name>Tim tuyến (giữa 2 đường ray)</name>
      <Placemark>
        <name>ST01 Bến Thành → ST02 Tao Đàn</name>
        <description>Tim tuyến (giữa 2 đường ray); dài 373.2 m; Ngầm</description>
        <styleUrl>#line-FFFF00-2000</styleUrl>
        <LineString>
          <tessellate>1</tessellate>
          <coordinates>
            106.694378,10.77127,0
            106.694316,10.771274,0
            106.69428,10.771277,0
            106.694253,10.771279,0
            106.694217,10.771283,0
            106.694181,10.771287,0
            106.694154,10.77129,0
            106.694118,10.771294,0
            106.694083,10.771299,0
            106.694038,10.771306,0
            106.694003,10.771311,0
            106.693986,10.771314,0
            106.693889,10.771333,0
            106.69388,10.771335,0
            106.693782,10.771358,0
            106.693775,10.77136,0
            106.693767,10.771362,0
            106.693671,10.771389,0
            106.693663,10.771391,0
            106.693561,10.771424,0
            106.693458,10.771462,0
            106.693451,10.771464,0
            106.69341,10.771481,0
            106.693368,10.771498,0
            106.693352,10.771505,0
            106.693327,10.771516,0
            106.693294,10.771531,0
            106.693262,10.771546,0
            106.693229,10.771562,0
            106.693197,10.771578,0
            106.693173,10.77159,0
            106.69314,10.771606,0
            106.693108,10.771622,0
            106.693076,10.771639,0
            106.693012,10.771673,0
            106.692923,10.77172,0
            106.691279,10.772607,0
          </coordinates>
        </LineString>
      </Placemark>
      <Placemark>
        <name>ST02 Tao Đàn → ST03 Dân Chủ</name>
        <description>Tim tuyến (giữa 2 đường ray); dài 829.0 m; Ngầm</description>
        <styleUrl>#line-FFFF00-2000</styleUrl>
        <LineString>
          <tessellate>1</tessellate>
          <coordinates>
            106.689313,10.773668,0
            106.689255,10.773699,0
            106.68911,10.773777,0
            106.688957,10.773859,0
            106.688804,10.77394,0
            106.68811,10.774305,0
            106.687949,10.77439,0
            106.687764,10.774489,0
            106.684329,10.776342,0
            106.684185,10.776419,0
            106.684025,10.776507,0
            106.683857,10.776598,0
            106.683363,10.776872,0
            106.683251,10.776934,0
            106.683075,10.777031,0
            106.682866,10.777144,0
            106.682658,10.777256,0
          </coordinates>
        </LineString>
      </Placemark>
      <Placemark>
        <name>ST03 Dân Chủ → ST04 Hòa Hưng</name>
        <description>Tim tuyến (giữa 2 đường ray); dài 763.6 m; Ngầm</description>
        <styleUrl>#line-FFFF00-2000</styleUrl>
        <LineString>
          <tessellate>1</tessellate>
          <coordinates>
            106.680747,10.778282,0
            106.680519,10.778404,0
            106.68027,10.778538,0
            106.679867,10.778753,0
            106.679562,10.778916,0
            106.679353,10.779027,0
            106.675971,10.780844,0
            106.675474,10.781112,0
            106.675088,10.781319,0
            106.67461,10.781574,0
          </coordinates>
        </LineString>
      </Placemark>
      <Placemark>
        <name>ST04 Hòa Hưng → ST05 Lê Thị Riêng</name>
        <description>Tim tuyến (giữa 2 đường ray); dài 784.7 m; Ngầm</description>
        <styleUrl>#line-FFFF00-2000</styleUrl>
        <LineString>
          <tessellate>1</tessellate>
          <coordinates>
            106.672697,10.782597,0
            106.672473,10.782717,0
            106.672336,10.78279,0
            106.672143,10.782893,0
            106.671829,10.78306,0
            106.671507,10.783231,0
            106.67137,10.783303,0
            106.671225,10.783381,0
            106.667751,10.785239,0
            106.667543,10.785351,0
            106.667254,10.785506,0
            106.666837,10.785731,0
            106.666587,10.785865,0
            106.666387,10.785972,0
          </coordinates>
        </LineString>
      </Placemark>
      <Placemark>
        <name>ST05 Lê Thị Riêng → ST06 Phạm Văn Hai</name>
        <description>Tim tuyến (giữa 2 đường ray); dài 492.2 m; Ngầm</description>
        <styleUrl>#line-FFFF00-2000</styleUrl>
        <LineString>
          <tessellate>1</tessellate>
          <coordinates>
            106.664655,10.786898,0
            106.664447,10.787009,0
            106.664189,10.787147,0
            106.663786,10.787361,0
            106.663505,10.78751,0
            106.663352,10.787591,0
            106.662146,10.788236,0
            106.662009,10.788309,0
            106.661881,10.788379,0
            106.661521,10.788574,0
            106.661392,10.788643,0
            106.66128,10.788704,0
            106.661175,10.78876,0
            106.661046,10.788828,0
            106.660908,10.788901,0
            106.660696,10.789012,0
          </coordinates>
        </LineString>
      </Placemark>
      <Placemark>
        <name>ST06 Phạm Văn Hai → ST07 Bảy Hiền</name>
        <description>Tim tuyến (giữa 2 đường ray); dài 477.8 m; Ngầm</description>
        <styleUrl>#line-FFFF00-2000</styleUrl>
        <LineString>
          <tessellate>1</tessellate>
          <coordinates>
            106.658773,10.790018,0
            106.658621,10.790098,0
            106.658451,10.790186,0
            106.658321,10.790254,0
            106.657899,10.790471,0
            106.657745,10.79055,0
            106.657567,10.790643,0
            106.657383,10.790741,0
            106.657238,10.790818,0
            106.654923,10.792059,0
          </coordinates>
        </LineString>
      </Placemark>
      <Placemark>
        <name>ST07 Bảy Hiền → ST08 Nguyễn Hồng Đào</name>
        <description>Tim tuyến (giữa 2 đường ray); dài 976.2 m; Ngầm</description>
        <styleUrl>#line-FFFF00-2000</styleUrl>
        <LineString>
          <tessellate>1</tessellate>
          <coordinates>
            106.651947,10.793654,0
            106.651732,10.793769,0
            106.651562,10.79386,0
            106.651401,10.793945,0
            106.650958,10.79418,0
            106.650797,10.794265,0
            106.65062,10.79436,0
            106.645612,10.797043,0
            106.64554,10.797082,0
            106.645404,10.797156,0
            106.645107,10.797316,0
            106.644674,10.79755,0
            106.644408,10.797693,0
            106.6441,10.797859,0
          </coordinates>
        </LineString>
      </Placemark>
      <Placemark>
        <name>ST08 Nguyễn Hồng Đào → ST09 Bà Quẹo</name>
        <description>Tim tuyến (giữa 2 đường ray); dài 1063.5 m; Ngầm</description>
        <styleUrl>#line-FFFF00-2000</styleUrl>
        <LineString>
          <tessellate>1</tessellate>
          <coordinates>
            106.642144,10.798906,0
            106.641988,10.79899,0
            106.641916,10.799029,0
            106.641762,10.79911,0
            106.641601,10.799195,0
            106.640921,10.79955,0
            106.64076,10.799635,0
            106.640599,10.79972,0
            106.640463,10.799793,0
            106.637794,10.801223,0
            106.637706,10.801271,0
            106.63765,10.801301,0
            106.637602,10.801327,0
            106.637554,10.801353,0
            106.637507,10.80138,0
            106.637468,10.801402,0
            106.637429,10.801425,0
            106.637391,10.801448,0
            106.637368,10.801462,0
            106.637345,10.801476,0
            106.637299,10.801505,0
            106.637277,10.80152,0
            106.63724,10.801545,0
            106.637204,10.80157,0
            106.637152,10.801607,0
            106.637117,10.801633,0
            106.637067,10.801672,0
            106.637032,10.801701,0
            106.636985,10.80174,0
            106.636945,10.801775,0
            106.636905,10.801811,0
            106.636865,10.801848,0
            106.636827,10.801885,0
            106.636784,10.801929,0
            106.636753,10.801961,0
            106.63671,10.802008,0
            106.636681,10.80204,0
            106.636635,10.802094,0
            106.636612,10.802122,0
            106.636567,10.802178,0
            106.636546,10.802206,0
            106.636499,10.80227,0
            106.636484,10.802292,0
            106.636438,10.802359,0
            106.636424,10.80238,0
            106.636377,10.802455,0
            106.636368,10.802471,0
            106.636323,10.802548,0
            106.636319,10.802555,0
            106.636315,10.802563,0
            106.63627,10.802649,0
            106.636266,10.802657,0
            106.636223,10.802746,0
            106.63622,10.802753,0
            106.636177,10.802851,0
            106.636167,10.802876,0
            106.636157,10.802901,0
            106.636147,10.802925,0
            106.636134,10.802959,0
            106.636125,10.802984,0
            106.636113,10.803017,0
            106.636104,10.803043,0
            106.636093,10.803076,0
            106.636075,10.803127,0
            106.636056,10.803187,0
            106.636034,10.803255,0
            106.63601,10.803333,0
            106.635458,10.805136,0
          </coordinates>
        </LineString>
      </Placemark>
      <Placemark>
        <name>ST09 Bà Quẹo → ST10 Phạm Văn Bạch</name>
        <description>Tim tuyến (giữa 2 đường ray); dài 497.2 m; Ngầm</description>
        <styleUrl>#line-FFFF00-2000</styleUrl>
        <LineString>
          <tessellate>1</tessellate>
          <coordinates>
            106.634851,10.807118,0
            106.634219,10.809182,0
            106.634173,10.809329,0
            106.634154,10.80939,0
            106.634138,10.809443,0
            106.634093,10.80958,0
            106.63407,10.80965,0
            106.634046,10.809718,0
            106.634025,10.809779,0
            106.634009,10.809822,0
            106.633984,10.80989,0
            106.633972,10.809924,0
            106.633959,10.809958,0
            106.633918,10.810068,0
            106.633753,10.8105,0
            106.633717,10.810592,0
            106.633698,10.810643,0
            106.633679,10.810694,0
            106.633667,10.810727,0
            106.633652,10.81077,0
            106.633616,10.810871,0
            106.633601,10.810914,0
            106.63357,10.811008,0
            106.633556,10.81105,0
            106.633545,10.811085,0
            106.633515,10.811179,0
            106.633493,10.811248,0
            106.633464,10.811343,0
            106.633449,10.811393,0
          </coordinates>
        </LineString>
      </Placemark>
      <Placemark>
        <name>ST10 Phạm Văn Bạch → ST11 Tân Bình</name>
        <description>Tim tuyến (giữa 2 đường ray); dài 838.2 m; Ngầm → dốc chuyển tiếp → trên cao</description>
        <styleUrl>#line-FFFF00-2000</styleUrl>
        <LineString>
          <tessellate>1</tessellate>
          <coordinates>
            106.632806,10.813491,0
            106.630584,10.820743,0
          </coordinates>
        </LineString>
      </Placemark>
      <Placemark>
        <name>ST11 Tân Bình → Cuối tuyến</name>
        <description>Tim tuyến (giữa 2 đường ray); dài 343.1 m; Trên cao</description>
        <styleUrl>#line-FFFF00-2000</styleUrl>
        <LineString>
          <tessellate>1</tessellate>
          <coordinates>
            106.630201,10.821995,0
            106.63019,10.822028,0
            106.630181,10.822054,0
            106.630144,10.822157,0
            106.630141,10.822166,0
            106.6301,10.822267,0
            106.630056,10.822367,0
            106.630008,10.822465,0
            106.630004,10.822474,0
            106.629957,10.822562,0
            106.629952,10.82257,0
            106.629897,10.822665,0
            106.62984,10.822757,0
            106.629778,10.822848,0
            106.629772,10.822856,0
            106.629707,10.822944,0
            106.62964,10.823029,0
            106.629569,10.823113,0
            106.629562,10.82312,0
            106.629495,10.823194,0
            106.629488,10.823201,0
            106.629411,10.823279,0
            106.629385,10.823304,0
            106.629352,10.823336,0
            106.629292,10.823392,0
            106.628243,10.824363,0
          </coordinates>
        </LineString>
      </Placemark>
    </Folder>
    <Folder>
      <name><![CDATA[Đường vào depot & mốc đoạn trên cao]]></name>
      <Placemark>
        <name>Đường vào depot (rẽ từ tuyến trái)</name>
        <description>Tim đường ray nhánh vào depot, dài 1317.6 m; rẽ từ tuyến trái tại X=1197119.378, Y=595886.343; đi trên cầu cạn khoảng 788 m đầu, sau đó xuống mặt đất vào depot</description>
        <styleUrl>#line-FF0000-3000</styleUrl>
        <LineString>
          <tessellate>1</tessellate>
          <coordinates>
            106.628701,10.823914,0
            106.62858,10.824003,0
            106.628538,10.824033,0
            106.628495,10.824062,0
            106.628451,10.824089,0
            106.628406,10.824114,0
            106.62836,10.824138,0
            106.628314,10.82416,0
            106.628266,10.82418,0
            106.628218,10.824199,0
            106.628169,10.824216,0
            106.62812,10.824232,0
            106.62807,10.824245,0
            106.62802,10.824257,0
            106.627969,10.824267,0
            106.627918,10.824276,0
            106.627867,10.824282,0
            106.627815,10.824287,0
            106.627764,10.82429,0
            106.627712,10.824291,0
            106.62766,10.824291,0
            106.627608,10.824288,0
            106.627557,10.824284,0
            106.627505,10.824278,0
            106.627454,10.82427,0
            106.627404,10.82426,0
            106.627353,10.824249,0
            106.627303,10.824236,0
            106.627254,10.824221,0
            106.627205,10.824204,0
            106.627156,10.824186,0
            106.627109,10.824166,0
            106.627062,10.824144,0
            106.627016,10.824121,0
            106.62697,10.824096,0
            106.626926,10.82407,0
            106.626883,10.824042,0
            106.626841,10.824012,0
            106.626799,10.823982,0
            106.626759,10.823949,0
            106.62672,10.823915,0
            106.626683,10.82388,0
            106.626646,10.823844,0
            106.626611,10.823806,0
            106.626577,10.823768,0
            106.626545,10.823728,0
            106.626514,10.823687,0
            106.625261,10.821955,0
            106.62515,10.821809,0
            106.625031,10.821669,0
            106.623674,10.820143,0
            106.623632,10.820097,0
            106.623588,10.820052,0
            106.623542,10.82001,0
            106.623495,10.819968,0
            106.623447,10.819929,0
            106.623397,10.819891,0
            106.623346,10.819855,0
            106.623293,10.819821,0
            106.62324,10.819789,0
            106.623185,10.819759,0
            106.623129,10.81973,0
            106.623072,10.819704,0
            106.623014,10.81968,0
            106.622956,10.819657,0
            106.622896,10.819637,0
            106.622836,10.819619,0
            106.622776,10.819603,0
            106.622714,10.81959,0
            106.622653,10.819578,0
            106.621163,10.819325,0
            106.621097,10.819315,0
            106.621031,10.819307,0
            106.620965,10.819302,0
            106.620899,10.819299,0
            106.620833,10.819299,0
            106.620766,10.819301,0
            106.6207,10.819305,0
            106.620634,10.819312,0
            106.620568,10.819321,0
            106.620503,10.819332,0
            106.620438,10.819346,0
            106.620374,10.819362,0
            106.62031,10.81938,0
            106.620247,10.819401,0
            106.620185,10.819424,0
            106.620124,10.819449,0
            106.620063,10.819476,0
            106.620004,10.819506,0
            106.619946,10.819537,0
            106.619889,10.819571,0
            106.619074,10.820071,0
          </coordinates>
        </LineString>
      </Placemark>
      <Placemark>
        <name>Hết đoạn trên cao nhánh depot (trụ cuối)</name>
        <styleUrl>#icon-1899-DB4436-nodesc</styleUrl>
        <Point>
          <coordinates>
            106.623569,10.820034,0
          </coordinates>
        </Point>
      </Placemark>
      <Placemark>
        <name>Bắt đầu đoạn trên cao (trụ đầu tiên)</name>
        <styleUrl>#icon-1899-DB4436-nodesc</styleUrl>
        <Point>
          <coordinates>
            106.631534,10.817644,0
          </coordinates>
        </Point>
      </Placemark>
      <Placemark>
        <name>Bắt đầu hầm hộp / dốc chuyển tiếp</name>
        <styleUrl>#icon-1899-DB4436-nodesc</styleUrl>
        <Point>
          <coordinates>
            106.632806,10.813491,0
          </coordinates>
        </Point>
      </Placemark>
    </Folder>
    <Folder>
      <name>Entity Features</name>
      <Placemark>
        <name>Polyline_001</name>
        <description>0</description>
        <styleUrl>#line-FF00FF-1000</styleUrl>
        <LineString>
          <tessellate>1</tessellate>
          <coordinates>
            106.688722,10.77361,0
            106.688406,10.77378,0
            106.68726,10.774395,0
            106.686377,10.774874,0
            106.685455,10.775365,0
            106.684501,10.77588,0
            106.683604,10.77637,0
            106.682822,10.77679,0
            106.682762,10.77668,0
            106.681466,10.777376,0
            106.681283,10.777329,0
            106.681238,10.777499,0
            106.680208,10.778052,0
            106.680291,10.778203,0
          </coordinates>
        </LineString>
      </Placemark>
      <Placemark>
        <name>Polyline_001</name>
        <description>0</description>
        <styleUrl>#line-FF00FF-1000</styleUrl>
        <LineString>
          <tessellate>1</tessellate>
          <coordinates>
            106.688722,10.77361,5.28
            106.688589,10.773368,5.28
          </coordinates>
        </LineString>
      </Placemark>
      <Placemark>
        <name>Polyline_001</name>
        <description>0</description>
        <styleUrl>#line-FF00FF-1000</styleUrl>
        <LineString>
          <tessellate>1</tessellate>
          <coordinates>
            106.688589,10.773368,5.28
            106.689637,10.772802,5.28
          </coordinates>
        </LineString>
      </Placemark>
      <Placemark>
        <name>Polyline_001</name>
        <description>0</description>
        <styleUrl>#line-FF00FF-1000</styleUrl>
        <LineString>
          <tessellate>1</tessellate>
          <coordinates>
            106.689637,10.772802,5.28
            106.689649,10.772824,5.28
          </coordinates>
        </LineString>
      </Placemark>
      <Placemark>
        <name>Polyline_001</name>
        <description>0</description>
        <styleUrl>#line-FF00FF-1000</styleUrl>
        <LineString>
          <tessellate>1</tessellate>
          <coordinates>
            106.689649,10.772824,5.28
            106.690356,10.772443,5.28
          </coordinates>
        </LineString>
      </Placemark>
      <Placemark>
        <name>Polyline_001</name>
        <description>0</description>
        <styleUrl>#line-FF00FF-1000</styleUrl>
        <LineString>
          <tessellate>1</tessellate>
          <coordinates>
            106.690356,10.772443,5.28
            106.690445,10.772395,5.28
          </coordinates>
        </LineString>
      </Placemark>
      <Placemark>
        <name>Polyline_001</name>
        <description>0</description>
        <styleUrl>#line-FF00FF-1000</styleUrl>
        <LineString>
          <tessellate>1</tessellate>
          <coordinates>
            106.690445,10.772395,5.28
            106.690433,10.772373,5.28
          </coordinates>
        </LineString>
      </Placemark>
      <Placemark>
        <name>Polyline_001</name>
        <description>0</description>
        <styleUrl>#line-FF00FF-1000</styleUrl>
        <LineString>
          <tessellate>1</tessellate>
          <coordinates>
            106.690433,10.772373,5.28
            106.691422,10.771839,5.28
          </coordinates>
        </LineString>
      </Placemark>
      <Placemark>
        <name>Polyline_001</name>
        <description>0</description>
        <styleUrl>#line-FF00FF-1000</styleUrl>
        <LineString>
          <tessellate>1</tessellate>
          <coordinates>
            106.691422,10.771839,5.28
            106.691557,10.772085,5.28
          </coordinates>
        </LineString>
      </Placemark>
      <Placemark>
        <name>Polyline_001</name>
        <description>0</description>
        <styleUrl>#line-FF00FF-1000</styleUrl>
        <LineString>
          <tessellate>1</tessellate>
          <coordinates>
            106.691557,10.772085,5.28
            106.693217,10.771206,5.28
          </coordinates>
        </LineString>
      </Placemark>
      <Placemark>
        <name>Polyline_001</name>
        <description>0</description>
        <styleUrl>#line-FF00FF-1000</styleUrl>
        <LineString>
          <tessellate>1</tessellate>
          <coordinates>
            106.693217,10.771206,5.28
            106.693561,10.771086,5.28
          </coordinates>
        </LineString>
      </Placemark>
      <Placemark>
        <name>Polyline_001</name>
        <description>0</description>
        <styleUrl>#line-FF00FF-1000</styleUrl>
        <LineString>
          <tessellate>1</tessellate>
          <coordinates>
            106.693561,10.771086,5.28
            106.693816,10.771038,5.28
          </coordinates>
        </LineString>
      </Placemark>
      <Placemark>
        <name>Polyline_001</name>
        <description>0</description>
        <styleUrl>#line-FF00FF-1000</styleUrl>
        <LineString>
          <tessellate>1</tessellate>
          <coordinates>
            106.693816,10.771038,5.28
            106.693791,10.770676,5.28
          </coordinates>
        </LineString>
      </Placemark>
      <Placemark>
        <name>Polyline_001</name>
        <description>0</description>
        <styleUrl>#line-FF00FF-1000</styleUrl>
        <LineString>
          <tessellate>1</tessellate>
          <coordinates>
            106.693791,10.770676,5.28
            106.694526,10.770616,5.28
          </coordinates>
        </LineString>
      </Placemark>
      <Placemark>
        <name>Polyline_001</name>
        <description>0</description>
        <styleUrl>#line-FF00FF-1000</styleUrl>
        <LineString>
          <tessellate>1</tessellate>
          <coordinates>
            106.694526,10.770616,5.28
            106.694681,10.770623,5.28
          </coordinates>
        </LineString>
      </Placemark>
      <Placemark>
        <name>Polyline_001</name>
        <description>0</description>
        <styleUrl>#line-FF00FF-1000</styleUrl>
        <LineString>
          <tessellate>1</tessellate>
          <coordinates>
            106.694681,10.770623,5.28
            106.695993,10.770561,5.28
          </coordinates>
        </LineString>
      </Placemark>
      <Placemark>
        <name>Polyline_001</name>
        <description>0</description>
        <styleUrl>#line-FF00FF-1000</styleUrl>
        <LineString>
          <tessellate>1</tessellate>
          <coordinates>
            106.695993,10.770561,5.28
            106.696316,10.770519,5.28
          </coordinates>
        </LineString>
      </Placemark>
      <Placemark>
        <name>Polyline_001</name>
        <description>0</description>
        <styleUrl>#line-FF00FF-1000</styleUrl>
        <LineString>
          <tessellate>1</tessellate>
          <coordinates>
            106.696316,10.770519,5.28
            106.696323,10.770514,5.28
          </coordinates>
        </LineString>
      </Placemark>
      <Placemark>
        <name>Polyline_001</name>
        <description>0</description>
        <styleUrl>#line-FF00FF-1000</styleUrl>
        <LineString>
          <tessellate>1</tessellate>
          <coordinates>
            106.696323,10.770514,5.28
            106.696676,10.769619,5.28
          </coordinates>
        </LineString>
      </Placemark>
      <Placemark>
        <name>Polyline_001</name>
        <description>0</description>
        <styleUrl>#line-FF00FF-1000</styleUrl>
        <LineString>
          <tessellate>1</tessellate>
          <coordinates>
            106.696676,10.769619,5.28
            106.697546,10.770405,5.28
          </coordinates>
        </LineString>
      </Placemark>
      <Placemark>
        <name>Polyline_001</name>
        <description>0</description>
        <styleUrl>#line-FF00FF-1000</styleUrl>
        <LineString>
          <tessellate>1</tessellate>
          <coordinates>
            106.697546,10.770405,5.28
            106.69833,10.770373,5.28
          </coordinates>
        </LineString>
      </Placemark>
      <Placemark>
        <name>Polyline_001</name>
        <description>0</description>
        <styleUrl>#line-FF00FF-1000</styleUrl>
        <LineString>
          <tessellate>1</tessellate>
          <coordinates>
            106.69833,10.770373,5.28
            106.698413,10.770296,5.28
          </coordinates>
        </LineString>
      </Placemark>
      <Placemark>
        <name>Polyline_001</name>
        <description>0</description>
        <styleUrl>#line-FF00FF-1000</styleUrl>
        <LineString>
          <tessellate>1</tessellate>
          <coordinates>
            106.698413,10.770296,5.28
            106.698479,10.770142,5.28
          </coordinates>
        </LineString>
      </Placemark>
      <Placemark>
        <name>Polyline_001</name>
        <description>0</description>
        <styleUrl>#line-FF00FF-1000</styleUrl>
        <LineString>
          <tessellate>1</tessellate>
          <coordinates>
            106.698479,10.770142,5.28
            106.698539,10.770166,5.28
          </coordinates>
        </LineString>
      </Placemark>
      <Placemark>
        <name>Polyline_001</name>
        <description>0</description>
        <styleUrl>#line-FF00FF-1000</styleUrl>
        <LineString>
          <tessellate>1</tessellate>
          <coordinates>
            106.698539,10.770166,5.28
            106.698575,10.770088,5.28
          </coordinates>
        </LineString>
      </Placemark>
      <Placemark>
        <name>Polyline_001</name>
        <description>0</description>
        <styleUrl>#line-FF00FF-1000</styleUrl>
        <LineString>
          <tessellate>1</tessellate>
          <coordinates>
            106.698575,10.770088,5.28
            106.698621,10.770106,5.28
          </coordinates>
        </LineString>
      </Placemark>
      <Placemark>
        <name>Polyline_001</name>
        <description>0</description>
        <styleUrl>#line-FF00FF-1000</styleUrl>
        <LineString>
          <tessellate>1</tessellate>
          <coordinates>
            106.698621,10.770106,5.28
            106.698641,10.770087,5.28
          </coordinates>
        </LineString>
      </Placemark>
      <Placemark>
        <name>Polyline_001</name>
        <description>0</description>
        <styleUrl>#line-FF00FF-1000</styleUrl>
        <LineString>
          <tessellate>1</tessellate>
          <coordinates>
            106.698641,10.770087,5.28
            106.698682,10.770131,5.28
          </coordinates>
        </LineString>
      </Placemark>
      <Placemark>
        <name>Polyline_001</name>
        <description>0</description>
        <styleUrl>#line-FF00FF-1000</styleUrl>
        <LineString>
          <tessellate>1</tessellate>
          <coordinates>
            106.698682,10.770131,5.28
            106.699232,10.77035,5.28
          </coordinates>
        </LineString>
      </Placemark>
      <Placemark>
        <name>Polyline_001</name>
        <description>0</description>
        <styleUrl>#line-FF00FF-1000</styleUrl>
        <LineString>
          <tessellate>1</tessellate>
          <coordinates>
            106.699232,10.77035,5.28
            106.699753,10.770329,5.28
          </coordinates>
        </LineString>
      </Placemark>
      <Placemark>
        <name>Polyline_001</name>
        <description>0</description>
        <styleUrl>#line-FF00FF-1000</styleUrl>
        <LineString>
          <tessellate>1</tessellate>
          <coordinates>
            106.699753,10.770329,5.28
            106.699809,10.77167,5.28
          </coordinates>
        </LineString>
      </Placemark>
      <Placemark>
        <name>Polyline_001</name>
        <description>0</description>
        <styleUrl>#line-FF00FF-1000</styleUrl>
        <LineString>
          <tessellate>1</tessellate>
          <coordinates>
            106.699809,10.77167,5.28
            106.69946,10.771684,5.28
          </coordinates>
        </LineString>
      </Placemark>
      <Placemark>
        <name>Polyline_001</name>
        <description>0</description>
        <styleUrl>#line-FF00FF-1000</styleUrl>
        <LineString>
          <tessellate>1</tessellate>
          <coordinates>
            106.69946,10.771684,5.28
            106.699444,10.771715,5.28
          </coordinates>
        </LineString>
      </Placemark>
      <Placemark>
        <name>Polyline_001</name>
        <description>0</description>
        <styleUrl>#line-FF00FF-1000</styleUrl>
        <LineString>
          <tessellate>1</tessellate>
          <coordinates>
            106.699444,10.771715,5.28
            106.697681,10.771784,5.28
          </coordinates>
        </LineString>
      </Placemark>
      <Placemark>
        <name>Polyline_001</name>
        <description>0</description>
        <styleUrl>#line-FF00FF-1000</styleUrl>
        <LineString>
          <tessellate>1</tessellate>
          <coordinates>
            106.697681,10.771784,5.28
            106.69728,10.771801,5.28
          </coordinates>
        </LineString>
      </Placemark>
      <Placemark>
        <name>Polyline_001</name>
        <description>0</description>
        <styleUrl>#line-FF00FF-1000</styleUrl>
        <LineString>
          <tessellate>1</tessellate>
          <coordinates>
            106.69728,10.771801,5.28
            106.697173,10.771979,5.28
          </coordinates>
        </LineString>
      </Placemark>
      <Placemark>
        <name>Polyline_001</name>
        <description>0</description>
        <styleUrl>#line-FF00FF-1000</styleUrl>
        <LineString>
          <tessellate>1</tessellate>
          <coordinates>
            106.697173,10.771979,5.28
            106.696726,10.7718,5.28
          </coordinates>
        </LineString>
      </Placemark>
      <Placemark>
        <name>Polyline_001</name>
        <description>0</description>
        <styleUrl>#line-FF00FF-1000</styleUrl>
        <LineString>
          <tessellate>1</tessellate>
          <coordinates>
            106.696726,10.7718,5.28
            106.694671,10.771893,5.28
          </coordinates>
        </LineString>
      </Placemark>
      <Placemark>
        <name>Polyline_001</name>
        <description>0</description>
        <styleUrl>#line-FF00FF-1000</styleUrl>
        <LineString>
          <tessellate>1</tessellate>
          <coordinates>
            106.694671,10.771893,5.28
            106.694614,10.771903,5.28
          </coordinates>
        </LineString>
      </Placemark>
      <Placemark>
        <name>Polyline_001</name>
        <description>0</description>
        <styleUrl>#line-FF00FF-1000</styleUrl>
        <LineString>
          <tessellate>1</tessellate>
          <coordinates>
            106.694614,10.771903,5.28
            106.693881,10.771953,5.28
          </coordinates>
        </LineString>
      </Placemark>
      <Placemark>
        <name>Polyline_001</name>
        <description>0</description>
        <styleUrl>#line-FF00FF-1000</styleUrl>
        <LineString>
          <tessellate>1</tessellate>
          <coordinates>
            106.693881,10.771953,5.28
            106.693861,10.771673,5.28
          </coordinates>
        </LineString>
      </Placemark>
      <Placemark>
        <name>Polyline_001</name>
        <description>0</description>
        <styleUrl>#line-FF00FF-1000</styleUrl>
        <LineString>
          <tessellate>1</tessellate>
          <coordinates>
            106.693861,10.771673,5.28
            106.693569,10.771758,5.28
          </coordinates>
        </LineString>
      </Placemark>
      <Placemark>
        <name>Polyline_001</name>
        <description>0</description>
        <styleUrl>#line-FF00FF-1000</styleUrl>
        <LineString>
          <tessellate>1</tessellate>
          <coordinates>
            106.693569,10.771758,5.28
            106.691883,10.772675,5.28
          </coordinates>
        </LineString>
      </Placemark>
      <Placemark>
        <name>Polyline_001</name>
        <description>0</description>
        <styleUrl>#line-FF00FF-1000</styleUrl>
        <LineString>
          <tessellate>1</tessellate>
          <coordinates>
            106.691883,10.772675,5.28
            106.692021,10.772925,5.28
          </coordinates>
        </LineString>
      </Placemark>
      <Placemark>
        <name>Polyline_001</name>
        <description>0</description>
        <styleUrl>#line-FF00FF-1000</styleUrl>
        <LineString>
          <tessellate>1</tessellate>
          <coordinates>
            106.692021,10.772925,5.28
            106.691208,10.773363,5.28
          </coordinates>
        </LineString>
      </Placemark>
      <Placemark>
        <name>Polyline_001</name>
        <description>0</description>
        <styleUrl>#line-FF00FF-1000</styleUrl>
        <LineString>
          <tessellate>1</tessellate>
          <coordinates>
            106.691208,10.773363,5.28
            106.691271,10.773478,5.28
          </coordinates>
        </LineString>
      </Placemark>
      <Placemark>
        <name>Polyline_001</name>
        <description>0</description>
        <styleUrl>#line-FF00FF-1000</styleUrl>
        <LineString>
          <tessellate>1</tessellate>
          <coordinates>
            106.691271,10.773478,5.28
            106.690271,10.774018,5.28
          </coordinates>
        </LineString>
      </Placemark>
      <Placemark>
        <name>Polyline_001</name>
        <description>0</description>
        <styleUrl>#line-FF00FF-1000</styleUrl>
        <LineString>
          <tessellate>1</tessellate>
          <coordinates>
            106.690271,10.774018,5.28
            106.6902,10.773889,5.28
          </coordinates>
        </LineString>
      </Placemark>
      <Placemark>
        <name>Polyline_001</name>
        <description>0</description>
        <styleUrl>#line-FF00FF-1000</styleUrl>
        <LineString>
          <tessellate>1</tessellate>
          <coordinates>
            106.6902,10.773889,5.28
            106.6892,10.774428,5.28
          </coordinates>
        </LineString>
      </Placemark>
      <Placemark>
        <name>Polyline_001</name>
        <description>0</description>
        <styleUrl>#line-FF00FF-1000</styleUrl>
        <LineString>
          <tessellate>1</tessellate>
          <coordinates>
            106.6892,10.774428,5.28
            106.689143,10.774325,5.28
          </coordinates>
        </LineString>
      </Placemark>
      <Placemark>
        <name>Polyline_001</name>
        <description>0</description>
        <styleUrl>#line-FF00FF-1000</styleUrl>
        <LineString>
          <tessellate>1</tessellate>
          <coordinates>
            106.689143,10.774325,5.28
            106.689123,10.774336,5.28
          </coordinates>
        </LineString>
      </Placemark>
      <Placemark>
        <name>Polyline_001</name>
        <description>0</description>
        <styleUrl>#line-FF00FF-1000</styleUrl>
        <LineString>
          <tessellate>1</tessellate>
          <coordinates>
            106.689123,10.774336,5.28
            106.689045,10.774195,5.28
          </coordinates>
        </LineString>
      </Placemark>
      <Placemark>
        <name>Polyline_001</name>
        <description>0</description>
        <styleUrl>#line-FF00FF-1000</styleUrl>
        <LineString>
          <tessellate>1</tessellate>
          <coordinates>
            106.689045,10.774195,5.28
            106.686619,10.775477,5.28
          </coordinates>
        </LineString>
      </Placemark>
      <Placemark>
        <name>Polyline_001</name>
        <description>0</description>
        <styleUrl>#line-FF00FF-1000</styleUrl>
        <LineString>
          <tessellate>1</tessellate>
          <coordinates>
            106.686619,10.775477,5.28
            106.683145,10.777378,5.28
          </coordinates>
        </LineString>
      </Placemark>
      <Placemark>
        <name>Polyline_001</name>
        <description>0</description>
        <styleUrl>#line-FF00FF-1000</styleUrl>
        <LineString>
          <tessellate>1</tessellate>
          <coordinates>
            106.683145,10.777378,5.28
            106.683204,10.777485,5.28
          </coordinates>
        </LineString>
      </Placemark>
      <Placemark>
        <name>Polyline_001</name>
        <description>0</description>
        <styleUrl>#line-FF00FF-1000</styleUrl>
        <LineString>
          <tessellate>1</tessellate>
          <coordinates>
            106.683204,10.777485,5.28
            106.681993,10.778165,5.28
          </coordinates>
        </LineString>
      </Placemark>
      <Placemark>
        <name>Polyline_001</name>
        <description>0</description>
        <styleUrl>#line-FF00FF-1000</styleUrl>
        <LineString>
          <tessellate>1</tessellate>
          <coordinates>
            106.681993,10.778165,5.28
            106.682089,10.778284,5.28
          </coordinates>
        </LineString>
      </Placemark>
      <Placemark>
        <name>Polyline_001</name>
        <description>0</description>
        <styleUrl>#line-FF00FF-1000</styleUrl>
        <LineString>
          <tessellate>1</tessellate>
          <coordinates>
            106.682089,10.778284,5.28
            106.681742,10.778589,5.28
          </coordinates>
        </LineString>
      </Placemark>
      <Placemark>
        <name>Polyline_001</name>
        <description>0</description>
        <styleUrl>#line-FF00FF-1000</styleUrl>
        <LineString>
          <tessellate>1</tessellate>
          <coordinates>
            106.681742,10.778589,5.28
            106.681522,10.778426,5.28
          </coordinates>
        </LineString>
      </Placemark>
      <Placemark>
        <name>Polyline_001</name>
        <description>0</description>
        <styleUrl>#line-FF00FF-1000</styleUrl>
        <LineString>
          <tessellate>1</tessellate>
          <coordinates>
            106.681522,10.778426,5.28
            106.680709,10.778859,5.28
          </coordinates>
        </LineString>
      </Placemark>
      <Placemark>
        <name>Polyline_001</name>
        <description>0</description>
        <styleUrl>#line-FF00FF-1000</styleUrl>
        <LineString>
          <tessellate>1</tessellate>
          <coordinates>
            106.680709,10.778859,5.28
            106.6807,10.778838,5.28
          </coordinates>
        </LineString>
      </Placemark>
      <Placemark>
        <name>Polyline_001</name>
        <description>0</description>
        <styleUrl>#line-FF00FF-1000</styleUrl>
        <LineString>
          <tessellate>1</tessellate>
          <coordinates>
            106.6807,10.778838,5.28
            106.680654,10.778862,5.28
          </coordinates>
        </LineString>
      </Placemark>
      <Placemark>
        <name>Polyline_001</name>
        <description>0</description>
        <styleUrl>#line-FF00FF-1000</styleUrl>
        <LineString>
          <tessellate>1</tessellate>
          <coordinates>
            106.680654,10.778862,5.28
            106.68057,10.778711,5.28
          </coordinates>
        </LineString>
      </Placemark>
      <Placemark>
        <name>Polyline_001</name>
        <description>0</description>
        <styleUrl>#line-FF00FF-1000</styleUrl>
        <LineString>
          <tessellate>1</tessellate>
          <coordinates>
            106.68057,10.778711,5.28
            106.675076,10.781658,5.28
          </coordinates>
        </LineString>
      </Placemark>
      <Placemark>
        <name>Polyline_001</name>
        <description>0</description>
        <styleUrl>#line-FF00FF-1000</styleUrl>
        <LineString>
          <tessellate>1</tessellate>
          <coordinates>
            106.675076,10.781658,5.28
            106.675159,10.78181,5.28
          </coordinates>
        </LineString>
      </Placemark>
      <Placemark>
        <name>Polyline_001</name>
        <description>0</description>
        <styleUrl>#line-FF00FF-1000</styleUrl>
        <LineString>
          <tessellate>1</tessellate>
          <coordinates>
            106.675159,10.78181,5.28
            106.672601,10.783174,5.28
          </coordinates>
        </LineString>
      </Placemark>
      <Placemark>
        <name>Polyline_001</name>
        <description>0</description>
        <styleUrl>#line-FF00FF-1000</styleUrl>
        <LineString>
          <tessellate>1</tessellate>
          <coordinates>
            106.672601,10.783174,5.28
            106.67252,10.783025,5.28
          </coordinates>
        </LineString>
      </Placemark>
      <Placemark>
        <name>Polyline_001</name>
        <description>0</description>
        <styleUrl>#line-FF00FF-1000</styleUrl>
        <LineString>
          <tessellate>1</tessellate>
          <coordinates>
            106.67252,10.783025,5.28
            106.666846,10.786045,5.28
          </coordinates>
        </LineString>
      </Placemark>
      <Placemark>
        <name>Polyline_001</name>
        <description>0</description>
        <styleUrl>#line-FF00FF-1000</styleUrl>
        <LineString>
          <tessellate>1</tessellate>
          <coordinates>
            106.666846,10.786045,5.28
            106.666949,10.786233,5.28
          </coordinates>
        </LineString>
      </Placemark>
      <Placemark>
        <name>Polyline_001</name>
        <description>0</description>
        <styleUrl>#line-FF00FF-1000</styleUrl>
        <LineString>
          <tessellate>1</tessellate>
          <coordinates>
            106.666949,10.786233,5.28
            106.665949,10.78676,5.28
          </coordinates>
        </LineString>
      </Placemark>
      <Placemark>
        <name>Polyline_001</name>
        <description>0</description>
        <styleUrl>#line-FF00FF-1000</styleUrl>
        <LineString>
          <tessellate>1</tessellate>
          <coordinates>
            106.665949,10.78676,5.28
            106.665938,10.78674,5.28
          </coordinates>
        </LineString>
      </Placemark>
      <Placemark>
        <name>Polyline_001</name>
        <description>0</description>
        <styleUrl>#line-FF00FF-1000</styleUrl>
        <LineString>
          <tessellate>1</tessellate>
          <coordinates>
            106.665938,10.78674,5.28
            106.665602,10.78692,5.28
          </coordinates>
        </LineString>
      </Placemark>
      <Placemark>
        <name>Polyline_001</name>
        <description>0</description>
        <styleUrl>#line-FF00FF-1000</styleUrl>
        <LineString>
          <tessellate>1</tessellate>
          <coordinates>
            106.665602,10.78692,5.28
            106.665612,10.786939,5.28
          </coordinates>
        </LineString>
      </Placemark>
      <Placemark>
        <name>Polyline_001</name>
        <description>0</description>
        <styleUrl>#line-FF00FF-1000</styleUrl>
        <LineString>
          <tessellate>1</tessellate>
          <coordinates>
            106.665612,10.786939,5.28
            106.664677,10.787449,5.28
          </coordinates>
        </LineString>
      </Placemark>
      <Placemark>
        <name>Polyline_001</name>
        <description>0</description>
        <styleUrl>#line-FF00FF-1000</styleUrl>
        <LineString>
          <tessellate>1</tessellate>
          <coordinates>
            106.664677,10.787449,5.28
            106.664663,10.787422,5.28
          </coordinates>
        </LineString>
      </Placemark>
      <Placemark>
        <name>Polyline_001</name>
        <description>0</description>
        <styleUrl>#line-FF00FF-1000</styleUrl>
        <LineString>
          <tessellate>1</tessellate>
          <coordinates>
            106.664663,10.787422,5.28
            106.66456,10.787477,5.28
          </coordinates>
        </LineString>
      </Placemark>
      <Placemark>
        <name>Polyline_001</name>
        <description>0</description>
        <styleUrl>#line-FF00FF-1000</styleUrl>
        <LineString>
          <tessellate>1</tessellate>
          <coordinates>
            106.66456,10.787477,5.28
            106.66446,10.787294,5.28
          </coordinates>
        </LineString>
      </Placemark>
      <Placemark>
        <name>Polyline_001</name>
        <description>0</description>
        <styleUrl>#line-FF00FF-1000</styleUrl>
        <LineString>
          <tessellate>1</tessellate>
          <coordinates>
            106.66446,10.787294,5.28
            106.661143,10.789067,5.28
          </coordinates>
        </LineString>
      </Placemark>
      <Placemark>
        <name>Polyline_001</name>
        <description>0</description>
        <styleUrl>#line-FF00FF-1000</styleUrl>
        <LineString>
          <tessellate>1</tessellate>
          <coordinates>
            106.661143,10.789067,5.28
            106.661257,10.789281,5.28
          </coordinates>
        </LineString>
      </Placemark>
      <Placemark>
        <name>Polyline_001</name>
        <description>0</description>
        <styleUrl>#line-FF00FF-1000</styleUrl>
        <LineString>
          <tessellate>1</tessellate>
          <coordinates>
            106.661257,10.789281,5.28
            106.660139,10.789844,5.28
          </coordinates>
        </LineString>
      </Placemark>
      <Placemark>
        <name>Polyline_001</name>
        <description>0</description>
        <styleUrl>#line-FF00FF-1000</styleUrl>
        <LineString>
          <tessellate>1</tessellate>
          <coordinates>
            106.660139,10.789844,5.28
            106.660134,10.789832,5.28
          </coordinates>
        </LineString>
      </Placemark>
      <Placemark>
        <name>Polyline_001</name>
        <description>0</description>
        <styleUrl>#line-FF00FF-1000</styleUrl>
        <LineString>
          <tessellate>1</tessellate>
          <coordinates>
            106.660134,10.789832,5.28
            106.660099,10.78985,5.28
          </coordinates>
        </LineString>
      </Placemark>
      <Placemark>
        <name>Polyline_001</name>
        <description>0</description>
        <styleUrl>#line-FF00FF-1000</styleUrl>
        <LineString>
          <tessellate>1</tessellate>
          <coordinates>
            106.660099,10.78985,5.28
            106.660103,10.789856,5.28
          </coordinates>
        </LineString>
      </Placemark>
      <Placemark>
        <name>Polyline_001</name>
        <description>0</description>
        <styleUrl>#line-FF00FF-1000</styleUrl>
        <LineString>
          <tessellate>1</tessellate>
          <coordinates>
            106.660103,10.789856,5.28
            106.660019,10.790086,5.28
          </coordinates>
        </LineString>
      </Placemark>
      <Placemark>
        <name>Polyline_001</name>
        <description>0</description>
        <styleUrl>#line-FF00FF-1000</styleUrl>
        <LineString>
          <tessellate>1</tessellate>
          <coordinates>
            106.660019,10.790086,5.28
            106.659567,10.790358,5.28
          </coordinates>
        </LineString>
      </Placemark>
      <Placemark>
        <name>Polyline_001</name>
        <description>0</description>
        <styleUrl>#line-FF00FF-1000</styleUrl>
        <LineString>
          <tessellate>1</tessellate>
          <coordinates>
            106.659567,10.790358,5.28
            106.659471,10.790179,5.28
          </coordinates>
        </LineString>
      </Placemark>
      <Placemark>
        <name>Polyline_001</name>
        <description>0</description>
        <styleUrl>#line-FF00FF-1000</styleUrl>
        <LineString>
          <tessellate>1</tessellate>
          <coordinates>
            106.659471,10.790179,5.28
            106.658673,10.790596,5.28
          </coordinates>
        </LineString>
      </Placemark>
      <Placemark>
        <name>Polyline_001</name>
        <description>0</description>
        <styleUrl>#line-FF00FF-1000</styleUrl>
        <LineString>
          <tessellate>1</tessellate>
          <coordinates>
            106.658673,10.790596,5.28
            106.658585,10.790432,5.28
          </coordinates>
        </LineString>
      </Placemark>
      <Placemark>
        <name>Polyline_001</name>
        <description>0</description>
        <styleUrl>#line-FF00FF-1000</styleUrl>
        <LineString>
          <tessellate>1</tessellate>
          <coordinates>
            106.658585,10.790432,5.28
            106.655376,10.792119,5.28
          </coordinates>
        </LineString>
      </Placemark>
      <Placemark>
        <name>Polyline_001</name>
        <description>0</description>
        <styleUrl>#line-FF00FF-1000</styleUrl>
        <LineString>
          <tessellate>1</tessellate>
          <coordinates>
            106.655376,10.792119,5.28
            106.655476,10.792302,5.28
          </coordinates>
        </LineString>
      </Placemark>
      <Placemark>
        <name>Polyline_001</name>
        <description>0</description>
        <styleUrl>#line-FF00FF-1000</styleUrl>
        <LineString>
          <tessellate>1</tessellate>
          <coordinates>
            106.655476,10.792302,5.28
            106.654335,10.792923,5.28
          </coordinates>
        </LineString>
      </Placemark>
      <Placemark>
        <name>Polyline_001</name>
        <description>0</description>
        <styleUrl>#line-FF00FF-1000</styleUrl>
        <LineString>
          <tessellate>1</tessellate>
          <coordinates>
            106.654335,10.792923,5.28
            106.654442,10.793088,5.28
          </coordinates>
        </LineString>
      </Placemark>
      <Placemark>
        <name>Polyline_001</name>
        <description>0</description>
        <styleUrl>#line-FF00FF-1000</styleUrl>
        <LineString>
          <tessellate>1</tessellate>
          <coordinates>
            106.654442,10.793088,5.28
            106.653288,10.793707,5.28
          </coordinates>
        </LineString>
      </Placemark>
      <Placemark>
        <name>Polyline_001</name>
        <description>0</description>
        <styleUrl>#line-FF00FF-1000</styleUrl>
        <LineString>
          <tessellate>1</tessellate>
          <coordinates>
            106.653288,10.793707,5.28
            106.653188,10.793546,5.28
          </coordinates>
        </LineString>
      </Placemark>
      <Placemark>
        <name>Polyline_001</name>
        <description>0</description>
        <styleUrl>#line-FF00FF-1000</styleUrl>
        <LineString>
          <tessellate>1</tessellate>
          <coordinates>
            106.653188,10.793546,5.28
            106.651828,10.794286,5.28
          </coordinates>
        </LineString>
      </Placemark>
      <Placemark>
        <name>Polyline_001</name>
        <description>0</description>
        <styleUrl>#line-FF00FF-1000</styleUrl>
        <LineString>
          <tessellate>1</tessellate>
          <coordinates>
            106.651828,10.794286,5.28
            106.651725,10.794097,5.28
          </coordinates>
        </LineString>
      </Placemark>
      <Placemark>
        <name>Polyline_001</name>
        <description>0</description>
        <styleUrl>#line-FF00FF-1000</styleUrl>
        <LineString>
          <tessellate>1</tessellate>
          <coordinates>
            106.651725,10.794097,5.28
            106.646215,10.797068,5.28
          </coordinates>
        </LineString>
      </Placemark>
      <Placemark>
        <name>Polyline_001</name>
        <description>0</description>
        <styleUrl>#line-FF00FF-1000</styleUrl>
        <LineString>
          <tessellate>1</tessellate>
          <coordinates>
            106.646215,10.797068,5.28
            106.644566,10.797945,5.28
          </coordinates>
        </LineString>
      </Placemark>
      <Placemark>
        <name>Polyline_001</name>
        <description>0</description>
        <styleUrl>#line-FF00FF-1000</styleUrl>
        <LineString>
          <tessellate>1</tessellate>
          <coordinates>
            106.644566,10.797945,5.28
            106.644648,10.798094,5.28
          </coordinates>
        </LineString>
      </Placemark>
      <Placemark>
        <name>Polyline_001</name>
        <description>0</description>
        <styleUrl>#line-FF00FF-1000</styleUrl>
        <LineString>
          <tessellate>1</tessellate>
          <coordinates>
            106.644648,10.798094,5.28
            106.64339,10.798768,5.28
          </coordinates>
        </LineString>
      </Placemark>
      <Placemark>
        <name>Polyline_001</name>
        <description>0</description>
        <styleUrl>#line-FF00FF-1000</styleUrl>
        <LineString>
          <tessellate>1</tessellate>
          <coordinates>
            106.64339,10.798768,5.28
            106.643432,10.798871,5.28
          </coordinates>
        </LineString>
      </Placemark>
      <Placemark>
        <name>Polyline_002</name>
        <description>Axis</description>
        <styleUrl>#line-0000FF-4000</styleUrl>
        <LineString>
          <tessellate>1</tessellate>
          <coordinates>
            106.643432,10.798871,5.28
            106.643483,10.798994,5.28
          </coordinates>
        </LineString>
      </Placemark>
      <Placemark>
        <name>Polyline_002</name>
        <description>Axis</description>
        <styleUrl>#line-0000FF-4000</styleUrl>
        <LineString>
          <tessellate>1</tessellate>
          <coordinates>
            106.643483,10.798994,5.28
            106.643401,10.799227,5.28
          </coordinates>
        </LineString>
      </Placemark>
      <Placemark>
        <name>Polyline_002</name>
        <description>Axis</description>
        <styleUrl>#line-0000FF-4000</styleUrl>
        <LineString>
          <tessellate>1</tessellate>
          <coordinates>
            106.643401,10.799227,5.28
            106.643045,10.799388,5.28
          </coordinates>
        </LineString>
      </Placemark>
      <Placemark>
        <name>Polyline_002</name>
        <description>Axis</description>
        <styleUrl>#line-0000FF-4000</styleUrl>
        <LineString>
          <tessellate>1</tessellate>
          <coordinates>
            106.643045,10.799388,5.28
            106.642816,10.799427,5.28
          </coordinates>
        </LineString>
      </Placemark>
      <Placemark>
        <name>Polyline_002</name>
        <description>Axis</description>
        <styleUrl>#line-0000FF-4000</styleUrl>
        <LineString>
          <tessellate>1</tessellate>
          <coordinates>
            106.642816,10.799427,5.28
            106.642719,10.799253,5.28
          </coordinates>
        </LineString>
      </Placemark>
      <Placemark>
        <name>Polyline_001</name>
        <description>0</description>
        <styleUrl>#line-FF00FF-1000</styleUrl>
        <LineString>
          <tessellate>1</tessellate>
          <coordinates>
            106.642719,10.799253,5.28
            106.642665,10.799156,5.28
          </coordinates>
        </LineString>
      </Placemark>
      <Placemark>
        <name>Polyline_001</name>
        <description>0</description>
        <styleUrl>#line-FF00FF-1000</styleUrl>
        <LineString>
          <tessellate>1</tessellate>
          <coordinates>
            106.642665,10.799156,5.28
            106.642589,10.799197,5.28
          </coordinates>
        </LineString>
      </Placemark>
      <Placemark>
        <name>Polyline_001</name>
        <description>0</description>
        <styleUrl>#line-FF00FF-1000</styleUrl>
        <LineString>
          <tessellate>1</tessellate>
          <coordinates>
            106.642589,10.799197,5.28
            106.64205,10.799486,5.28
          </coordinates>
        </LineString>
      </Placemark>
      <Placemark>
        <name>Polyline_001</name>
        <description>0</description>
        <styleUrl>#line-FF00FF-1000</styleUrl>
        <LineString>
          <tessellate>1</tessellate>
          <coordinates>
            106.64205,10.799486,5.28
            106.641974,10.799348,5.28
          </coordinates>
        </LineString>
      </Placemark>
      <Placemark>
        <name>Polyline_001</name>
        <description>0</description>
        <styleUrl>#line-FF00FF-1000</styleUrl>
        <LineString>
          <tessellate>1</tessellate>
          <coordinates>
            106.641974,10.799348,5.28
            106.641111,10.799782,5.28
          </coordinates>
        </LineString>
      </Placemark>
      <Placemark>
        <name>Polyline_001</name>
        <description>0</description>
        <styleUrl>#line-FF00FF-1000</styleUrl>
        <LineString>
          <tessellate>1</tessellate>
          <coordinates>
            106.641111,10.799782,5.28
            106.639476,10.800651,5.28
          </coordinates>
        </LineString>
      </Placemark>
      <Placemark>
        <name>Polyline_001</name>
        <description>0</description>
        <styleUrl>#line-FF00FF-1000</styleUrl>
        <LineString>
          <tessellate>1</tessellate>
          <coordinates>
            106.639476,10.800651,5.28
            106.637761,10.801571,5.28
          </coordinates>
        </LineString>
      </Placemark>
      <Placemark>
        <name>Polyline_001</name>
        <description>0</description>
        <styleUrl>#line-FF00FF-1000</styleUrl>
        <LineString>
          <tessellate>1</tessellate>
          <coordinates>
            106.637761,10.801571,5.28
            106.637488,10.801734,5.28
          </coordinates>
        </LineString>
      </Placemark>
      <Placemark>
        <name>Polyline_001</name>
        <description>0</description>
        <styleUrl>#line-FF00FF-1000</styleUrl>
        <LineString>
          <tessellate>1</tessellate>
          <coordinates>
            106.637488,10.801734,5.28
            106.636863,10.8023,5.28
          </coordinates>
        </LineString>
      </Placemark>
      <Placemark>
        <name>Polyline_001</name>
        <description>0</description>
        <styleUrl>#line-FF00FF-1000</styleUrl>
        <LineString>
          <tessellate>1</tessellate>
          <coordinates>
            106.636863,10.8023,5.28
            106.636463,10.802971,5.28
          </coordinates>
        </LineString>
      </Placemark>
      <Placemark>
        <name>Polyline_001</name>
        <description>0</description>
        <styleUrl>#line-FF00FF-1000</styleUrl>
        <LineString>
          <tessellate>1</tessellate>
          <coordinates>
            106.636463,10.802971,5.28
            106.63586,10.804879,5.28
          </coordinates>
        </LineString>
      </Placemark>
      <Placemark>
        <name>Polyline_001</name>
        <description>0</description>
        <styleUrl>#line-FF00FF-1000</styleUrl>
        <LineString>
          <tessellate>1</tessellate>
          <coordinates>
            106.63586,10.804879,5.28
            106.636049,10.804935,5.28
          </coordinates>
        </LineString>
      </Placemark>
      <Placemark>
        <name>Polyline_001</name>
        <description>0</description>
        <styleUrl>#line-FF00FF-1000</styleUrl>
        <LineString>
          <tessellate>1</tessellate>
          <coordinates>
            106.636049,10.804935,5.28
            106.635194,10.807599,5.28
          </coordinates>
        </LineString>
      </Placemark>
      <Placemark>
        <name>Polyline_002</name>
        <description>Axis</description>
        <styleUrl>#line-0000FF-1000</styleUrl>
        <LineString>
          <tessellate>1</tessellate>
          <coordinates>
            106.635194,10.807599,5.28
            106.634971,10.807532,5.28
          </coordinates>
        </LineString>
      </Placemark>
      <Placemark>
        <name>Polyline_001</name>
        <description>0</description>
        <styleUrl>#line-FF00FF-1000</styleUrl>
        <LineString>
          <tessellate>1</tessellate>
          <coordinates>
            106.634971,10.807532,5.28
            106.634308,10.809673,5.28
          </coordinates>
        </LineString>
      </Placemark>
      <Placemark>
        <name>Polyline_001</name>
        <description>0</description>
        <styleUrl>#line-FF00FF-1000</styleUrl>
        <LineString>
          <tessellate>1</tessellate>
          <coordinates>
            106.634308,10.809673,5.28
            106.63383,10.810936,5.28
          </coordinates>
        </LineString>
      </Placemark>
      <Placemark>
        <name>Polyline_001</name>
        <description>0</description>
        <styleUrl>#line-FF00FF-1000</styleUrl>
        <LineString>
          <tessellate>1</tessellate>
          <coordinates>
            106.63383,10.810936,5.28
            106.633761,10.811166,5.28
          </coordinates>
        </LineString>
      </Placemark>
      <Placemark>
        <name>Polyline_001</name>
        <description>0</description>
        <styleUrl>#line-FF00FF-1000</styleUrl>
        <LineString>
          <tessellate>1</tessellate>
          <coordinates>
            106.633761,10.811166,5.28
            106.633954,10.811224,5.28
          </coordinates>
        </LineString>
      </Placemark>
      <Placemark>
        <name>Polyline_001</name>
        <description>0</description>
        <styleUrl>#line-FF00FF-1000</styleUrl>
        <LineString>
          <tessellate>1</tessellate>
          <coordinates>
            106.633954,10.811224,5.28
            106.633588,10.812384,5.28
          </coordinates>
        </LineString>
      </Placemark>
      <Placemark>
        <name>Polyline_001</name>
        <description>0</description>
        <styleUrl>#line-FF00FF-1000</styleUrl>
        <LineString>
          <tessellate>1</tessellate>
          <coordinates>
            106.633588,10.812384,5.28
            106.633622,10.812563,5.28
          </coordinates>
        </LineString>
      </Placemark>
      <Placemark>
        <name>Polyline_001</name>
        <description>0</description>
        <styleUrl>#line-FF00FF-1000</styleUrl>
        <LineString>
          <tessellate>1</tessellate>
          <coordinates>
            106.633622,10.812563,5.28
            106.633493,10.813018,5.28
          </coordinates>
        </LineString>
      </Placemark>
      <Placemark>
        <name>Polyline_001</name>
        <description>0</description>
        <styleUrl>#line-FF00FF-1000</styleUrl>
        <LineString>
          <tessellate>1</tessellate>
          <coordinates>
            106.633493,10.813018,5.28
            106.633397,10.812989,5.28
          </coordinates>
        </LineString>
      </Placemark>
      <Placemark>
        <name>Polyline_001</name>
        <description>0</description>
        <styleUrl>#line-FF00FF-1000</styleUrl>
        <LineString>
          <tessellate>1</tessellate>
          <coordinates>
            106.633397,10.812989,5.28
            106.633108,10.813904,5.28
          </coordinates>
        </LineString>
      </Placemark>
      <Placemark>
        <name>Polyline_001</name>
        <description>0</description>
        <styleUrl>#line-FF00FF-1000</styleUrl>
        <LineString>
          <tessellate>1</tessellate>
          <coordinates>
            106.633108,10.813904,5.28
          </coordinates>
        </LineString>
      </Placemark>
      <Placemark>
        <name>Polyline_001</name>
        <description>0</description>
        <styleUrl>#line-FF00FF-1000</styleUrl>
        <LineString>
          <tessellate>1</tessellate>
          <coordinates>
            106.633108,10.813904,5.28
          </coordinates>
        </LineString>
      </Placemark>
      <Placemark>
        <name>Polyline_001</name>
        <description>0</description>
        <styleUrl>#line-FF00FF-1000</styleUrl>
        <LineString>
          <tessellate>1</tessellate>
          <coordinates>
            106.633108,10.813904,5.28
          </coordinates>
        </LineString>
      </Placemark>
      <Placemark>
        <name>Polyline_001</name>
        <description>0</description>
        <styleUrl>#line-FF00FF-1000</styleUrl>
        <LineString>
          <tessellate>1</tessellate>
          <coordinates>
            106.633108,10.813904,5.28
            106.63289,10.813838,5.28
          </coordinates>
        </LineString>
      </Placemark>
      <Placemark>
        <name>Polyline_001</name>
        <description>0</description>
        <styleUrl>#line-FF00FF-1000</styleUrl>
        <LineString>
          <tessellate>1</tessellate>
          <coordinates>
            106.63289,10.813838,5.28
            106.631873,10.817264,5.28
          </coordinates>
        </LineString>
      </Placemark>
      <Placemark>
        <name>Polyline_001</name>
        <description>0</description>
        <styleUrl>#line-FF00FF-1000</styleUrl>
        <LineString>
          <tessellate>1</tessellate>
          <coordinates>
            106.631873,10.817264,5.28
            106.632158,10.817349,5.28
          </coordinates>
        </LineString>
      </Placemark>
      <Placemark>
        <name>Polyline_003</name>
        <description>Steel- view</description>
        <styleUrl>#line-FF9F7F-1000</styleUrl>
        <LineString>
          <tessellate>1</tessellate>
          <coordinates>
            106.632158,10.817349,5.28
            106.630724,10.822032,5.28
          </coordinates>
        </LineString>
      </Placemark>
      <Placemark>
        <name>Polyline_003</name>
        <description>Steel- view</description>
        <styleUrl>#line-FF9F7F-1000</styleUrl>
        <LineString>
          <tessellate>1</tessellate>
          <coordinates>
            106.630724,10.822032,5.28
            106.630721,10.822041,5.28
          </coordinates>
        </LineString>
      </Placemark>
      <Placemark>
        <name>Polyline_003</name>
        <description>Steel- view</description>
        <styleUrl>#line-FF9F7F-1000</styleUrl>
        <LineString>
          <tessellate>1</tessellate>
          <coordinates>
            106.630721,10.822041,5.28
            106.630718,10.82205,5.28
          </coordinates>
        </LineString>
      </Placemark>
      <Placemark>
        <name>Polyline_003</name>
        <description>Steel- view</description>
        <styleUrl>#line-FF9F7F-1000</styleUrl>
        <LineString>
          <tessellate>1</tessellate>
          <coordinates>
            106.630718,10.82205,5.28
            106.630716,10.822059,5.28
          </coordinates>
        </LineString>
      </Placemark>
      <Placemark>
        <name>Polyline_003</name>
        <description>Steel- view</description>
        <styleUrl>#line-FF9F7F-1000</styleUrl>
        <LineString>
          <tessellate>1</tessellate>
          <coordinates>
            106.630716,10.822059,5.28
            106.630713,10.822067,5.28
          </coordinates>
        </LineString>
      </Placemark>
      <Placemark>
        <name>Polyline_003</name>
        <description>Steel- view</description>
        <styleUrl>#line-FF9F7F-1000</styleUrl>
        <LineString>
          <tessellate>1</tessellate>
          <coordinates>
            106.630713,10.822067,5.28
            106.63071,10.822076,5.28
          </coordinates>
        </LineString>
      </Placemark>
      <Placemark>
        <name>Polyline_003</name>
        <description>Steel- view</description>
        <styleUrl>#line-FF9F7F-1000</styleUrl>
        <LineString>
          <tessellate>1</tessellate>
          <coordinates>
            106.63071,10.822076,5.28
            106.630707,10.822085,5.28
          </coordinates>
        </LineString>
      </Placemark>
      <Placemark>
        <name>Polyline_003</name>
        <description>Steel- view</description>
        <styleUrl>#line-FF9F7F-1000</styleUrl>
        <LineString>
          <tessellate>1</tessellate>
          <coordinates>
            106.630707,10.822085,5.28
            106.630704,10.822095,5.28
          </coordinates>
        </LineString>
      </Placemark>
      <Placemark>
        <name>Polyline_003</name>
        <description>Steel- view</description>
        <styleUrl>#line-FF9F7F-1000</styleUrl>
        <LineString>
          <tessellate>1</tessellate>
          <coordinates>
            106.630704,10.822095,5.28
            106.630702,10.822104,5.28
          </coordinates>
        </LineString>
      </Placemark>
      <Placemark>
        <name>Polyline_003</name>
        <description>Steel- view</description>
        <styleUrl>#line-FF9F7F-1000</styleUrl>
        <LineString>
          <tessellate>1</tessellate>
          <coordinates>
            106.630702,10.822104,5.28
            106.630699,10.822113,5.28
          </coordinates>
        </LineString>
      </Placemark>
      <Placemark>
        <name>Polyline_003</name>
        <description>Steel- view</description>
        <styleUrl>#line-FF9F7F-1000</styleUrl>
        <LineString>
          <tessellate>1</tessellate>
          <coordinates>
            106.630699,10.822113,5.28
            106.630696,10.822122,5.28
          </coordinates>
        </LineString>
      </Placemark>
      <Placemark>
        <name>Polyline_003</name>
        <description>Steel- view</description>
        <styleUrl>#line-FF9F7F-1000</styleUrl>
        <LineString>
          <tessellate>1</tessellate>
          <coordinates>
            106.630696,10.822122,5.28
            106.630693,10.822132,5.28
          </coordinates>
        </LineString>
      </Placemark>
      <Placemark>
        <name>Polyline_003</name>
        <description>Steel- view</description>
        <styleUrl>#line-FF9F7F-1000</styleUrl>
        <LineString>
          <tessellate>1</tessellate>
          <coordinates>
            106.630693,10.822132,5.28
            106.63069,10.822141,5.28
          </coordinates>
        </LineString>
      </Placemark>
      <Placemark>
        <name>Polyline_003</name>
        <description>Steel- view</description>
        <styleUrl>#line-FF9F7F-1000</styleUrl>
        <LineString>
          <tessellate>1</tessellate>
          <coordinates>
            106.63069,10.822141,5.28
            106.630687,10.82215,5.28
          </coordinates>
        </LineString>
      </Placemark>
      <Placemark>
        <name>Polyline_003</name>
        <description>Steel- view</description>
        <styleUrl>#line-FF9F7F-1000</styleUrl>
        <LineString>
          <tessellate>1</tessellate>
          <coordinates>
            106.630687,10.82215,5.28
            106.630684,10.82216,5.28
          </coordinates>
        </LineString>
      </Placemark>
      <Placemark>
        <name>Polyline_003</name>
        <description>Steel- view</description>
        <styleUrl>#line-FF9F7F-1000</styleUrl>
        <LineString>
          <tessellate>1</tessellate>
          <coordinates>
            106.630684,10.82216,5.28
            106.630681,10.822169,5.28
          </coordinates>
        </LineString>
      </Placemark>
      <Placemark>
        <name>Polyline_003</name>
        <description>Steel- view</description>
        <styleUrl>#line-FF9F7F-1000</styleUrl>
        <LineString>
          <tessellate>1</tessellate>
          <coordinates>
            106.630681,10.822169,5.28
            106.630678,10.822179,5.28
          </coordinates>
        </LineString>
      </Placemark>
      <Placemark>
        <name>Polyline_003</name>
        <description>Steel- view</description>
        <styleUrl>#line-FF9F7F-1000</styleUrl>
        <LineString>
          <tessellate>1</tessellate>
          <coordinates>
            106.630678,10.822179,5.28
            106.630674,10.822189,5.28
          </coordinates>
        </LineString>
      </Placemark>
      <Placemark>
        <name>Polyline_003</name>
        <description>Steel- view</description>
        <styleUrl>#line-FF9F7F-1000</styleUrl>
        <LineString>
          <tessellate>1</tessellate>
          <coordinates>
            106.630674,10.822189,5.28
            106.630671,10.822199,5.28
          </coordinates>
        </LineString>
      </Placemark>
      <Placemark>
        <name>Polyline_003</name>
        <description>Steel- view</description>
        <styleUrl>#line-FF9F7F-1000</styleUrl>
        <LineString>
          <tessellate>1</tessellate>
          <coordinates>
            106.630671,10.822199,5.28
            106.630668,10.822208,5.28
          </coordinates>
        </LineString>
      </Placemark>
      <Placemark>
        <name>Polyline_003</name>
        <description>Steel- view</description>
        <styleUrl>#line-FF9F7F-1000</styleUrl>
        <LineString>
          <tessellate>1</tessellate>
          <coordinates>
            106.630668,10.822208,5.28
            106.630665,10.822218,5.28
          </coordinates>
        </LineString>
      </Placemark>
      <Placemark>
        <name>Polyline_003</name>
        <description>Steel- view</description>
        <styleUrl>#line-FF9F7F-1000</styleUrl>
        <LineString>
          <tessellate>1</tessellate>
          <coordinates>
            106.630665,10.822218,5.28
            106.630653,10.822251,5.28
            106.630641,10.822284,5.28
            106.630629,10.822317,5.28
            106.630617,10.82235,5.28
            106.630604,10.822383,5.28
            106.630591,10.822415,5.28
            106.630578,10.822448,5.28
            106.630564,10.82248,5.28
            106.63055,10.822513,5.28
            106.630536,10.822545,5.28
            106.630521,10.822577,5.28
            106.630506,10.822608,5.28
            106.630491,10.82264,5.28
            106.630475,10.822672,5.28
            106.63046,10.822703,5.28
            106.630443,10.822734,5.28
            106.630427,10.822765,5.28
            106.63041,10.822796,5.28
            106.630393,10.822827,5.28
            106.630376,10.822858,5.28
            106.630358,10.822888,5.28
            106.63034,10.822918,5.28
            106.630322,10.822948,5.28
            106.630303,10.822978,5.28
            106.630284,10.823008,5.28
            106.630265,10.823037,5.28
            106.630245,10.823067,5.28
            106.630226,10.823096,5.28
            106.630206,10.823125,5.28
            106.630185,10.823154,5.28
            106.630165,10.823182,5.28
            106.630144,10.823211,5.28
            106.630123,10.823239,5.28
            106.630101,10.823267,5.28
            106.63008,10.823295,5.28
            106.630058,10.823322,5.28
            106.630035,10.823349,5.28
            106.630013,10.823377,5.28
            106.62999,10.823403,5.28
            106.629967,10.82343,5.28
            106.629944,10.823457,5.28
            106.62992,10.823483,5.28
            106.629896,10.823509,5.28
            106.629872,10.823535,5.28
            106.629848,10.82356,5.28
            106.629823,10.823585,5.28
            106.629798,10.823611,5.28
            106.629773,10.823635,5.28
          </coordinates>
        </LineString>
      </Placemark>
      <Placemark>
        <name>Polyline_003</name>
        <description>Steel- view</description>
        <styleUrl>#line-FF9F7F-1000</styleUrl>
        <LineString>
          <tessellate>1</tessellate>
          <coordinates>
            106.629773,10.823635,5.28
            106.629766,10.823642,5.28
          </coordinates>
        </LineString>
      </Placemark>
      <Placemark>
        <name>Polyline_003</name>
        <description>Steel- view</description>
        <styleUrl>#line-FF9F7F-1000</styleUrl>
        <LineString>
          <tessellate>1</tessellate>
          <coordinates>
            106.629766,10.823642,5.28
            106.629759,10.82365,5.28
          </coordinates>
        </LineString>
      </Placemark>
      <Placemark>
        <name>Polyline_003</name>
        <description>Steel- view</description>
        <styleUrl>#line-FF9F7F-1000</styleUrl>
        <LineString>
          <tessellate>1</tessellate>
          <coordinates>
            106.629759,10.82365,5.28
            106.629751,10.823657,5.28
          </coordinates>
        </LineString>
      </Placemark>
      <Placemark>
        <name>Polyline_003</name>
        <description>Steel- view</description>
        <styleUrl>#line-FF9F7F-1000</styleUrl>
        <LineString>
          <tessellate>1</tessellate>
          <coordinates>
            106.629751,10.823657,5.28
            106.629744,10.823664,5.28
          </coordinates>
        </LineString>
      </Placemark>
      <Placemark>
        <name>Polyline_003</name>
        <description>Steel- view</description>
        <styleUrl>#line-FF9F7F-1000</styleUrl>
        <LineString>
          <tessellate>1</tessellate>
          <coordinates>
            106.629744,10.823664,5.28
            106.629736,10.823671,5.28
          </coordinates>
        </LineString>
      </Placemark>
      <Placemark>
        <name>Polyline_003</name>
        <description>Steel- view</description>
        <styleUrl>#line-FF9F7F-1000</styleUrl>
        <LineString>
          <tessellate>1</tessellate>
          <coordinates>
            106.629736,10.823671,5.28
            106.629729,10.823678,5.28
          </coordinates>
        </LineString>
      </Placemark>
      <Placemark>
        <name>Polyline_003</name>
        <description>Steel- view</description>
        <styleUrl>#line-FF9F7F-1000</styleUrl>
        <LineString>
          <tessellate>1</tessellate>
          <coordinates>
            106.629729,10.823678,5.28
            106.629722,10.823685,5.28
          </coordinates>
        </LineString>
      </Placemark>
      <Placemark>
        <name>Polyline_003</name>
        <description>Steel- view</description>
        <styleUrl>#line-FF9F7F-1000</styleUrl>
        <LineString>
          <tessellate>1</tessellate>
          <coordinates>
            106.629722,10.823685,5.28
            106.629715,10.823692,5.28
          </coordinates>
        </LineString>
      </Placemark>
      <Placemark>
        <name>Polyline_003</name>
        <description>Steel- view</description>
        <styleUrl>#line-FF9F7F-1000</styleUrl>
        <LineString>
          <tessellate>1</tessellate>
          <coordinates>
            106.629715,10.823692,5.28
            106.629707,10.823699,5.28
          </coordinates>
        </LineString>
      </Placemark>
      <Placemark>
        <name>Polyline_003</name>
        <description>Steel- view</description>
        <styleUrl>#line-FF9F7F-1000</styleUrl>
        <LineString>
          <tessellate>1</tessellate>
          <coordinates>
            106.629707,10.823699,5.28
            106.6297,10.823705,5.28
          </coordinates>
        </LineString>
      </Placemark>
      <Placemark>
        <name>Polyline_003</name>
        <description>Steel- view</description>
        <styleUrl>#line-FF9F7F-1000</styleUrl>
        <LineString>
          <tessellate>1</tessellate>
          <coordinates>
            106.6297,10.823705,5.28
            106.629693,10.823712,5.28
          </coordinates>
        </LineString>
      </Placemark>
      <Placemark>
        <name>Polyline_003</name>
        <description>Steel- view</description>
        <styleUrl>#line-FF9F7F-1000</styleUrl>
        <LineString>
          <tessellate>1</tessellate>
          <coordinates>
            106.629693,10.823712,5.28
            106.629686,10.823719,5.28
          </coordinates>
        </LineString>
      </Placemark>
      <Placemark>
        <name>Polyline_003</name>
        <description>Steel- view</description>
        <styleUrl>#line-FF9F7F-1000</styleUrl>
        <LineString>
          <tessellate>1</tessellate>
          <coordinates>
            106.629686,10.823719,5.28
            106.629679,10.823725,5.28
          </coordinates>
        </LineString>
      </Placemark>
      <Placemark>
        <name>Polyline_003</name>
        <description>Steel- view</description>
        <styleUrl>#line-FF9F7F-1000</styleUrl>
        <LineString>
          <tessellate>1</tessellate>
          <coordinates>
            106.629679,10.823725,5.28
            106.629672,10.823732,5.28
          </coordinates>
        </LineString>
      </Placemark>
      <Placemark>
        <name>Polyline_003</name>
        <description>Steel- view</description>
        <styleUrl>#line-FF9F7F-1000</styleUrl>
        <LineString>
          <tessellate>1</tessellate>
          <coordinates>
            106.629672,10.823732,5.28
            106.629665,10.823738,5.28
          </coordinates>
        </LineString>
      </Placemark>
      <Placemark>
        <name>Polyline_003</name>
        <description>Steel- view</description>
        <styleUrl>#line-FF9F7F-1000</styleUrl>
        <LineString>
          <tessellate>1</tessellate>
          <coordinates>
            106.629665,10.823738,5.28
            106.629658,10.823744,5.28
          </coordinates>
        </LineString>
      </Placemark>
      <Placemark>
        <name>Polyline_003</name>
        <description>Steel- view</description>
        <styleUrl>#line-FF9F7F-1000</styleUrl>
        <LineString>
          <tessellate>1</tessellate>
          <coordinates>
            106.629658,10.823744,5.28
            106.629651,10.823751,5.28
          </coordinates>
        </LineString>
      </Placemark>
      <Placemark>
        <name>Polyline_003</name>
        <description>Steel- view</description>
        <styleUrl>#line-FF9F7F-1000</styleUrl>
        <LineString>
          <tessellate>1</tessellate>
          <coordinates>
            106.629651,10.823751,5.28
            106.629645,10.823757,5.28
          </coordinates>
        </LineString>
      </Placemark>
      <Placemark>
        <name>Polyline_003</name>
        <description>Steel- view</description>
        <styleUrl>#line-FF9F7F-1000</styleUrl>
        <LineString>
          <tessellate>1</tessellate>
          <coordinates>
            106.629645,10.823757,5.28
            106.629638,10.823763,5.28
          </coordinates>
        </LineString>
      </Placemark>
      <Placemark>
        <name>Polyline_003</name>
        <description>Steel- view</description>
        <styleUrl>#line-FF9F7F-1000</styleUrl>
        <LineString>
          <tessellate>1</tessellate>
          <coordinates>
            106.629638,10.823763,5.28
            106.629631,10.82377,5.28
          </coordinates>
        </LineString>
      </Placemark>
      <Placemark>
        <name>Polyline_003</name>
        <description>Steel- view</description>
        <styleUrl>#line-FF9F7F-1000</styleUrl>
        <LineString>
          <tessellate>1</tessellate>
          <coordinates>
            106.629631,10.82377,5.28
            106.62826,10.825038,5.28
          </coordinates>
        </LineString>
      </Placemark>
      <Placemark>
        <name>Polyline_003</name>
        <description>Steel- view</description>
        <styleUrl>#line-FF9F7F-1000</styleUrl>
        <LineString>
          <tessellate>1</tessellate>
          <coordinates>
            106.62826,10.825038,5.28
            106.627991,10.824755,5.28
          </coordinates>
        </LineString>
      </Placemark>
      <Placemark>
        <name>Polyline_003</name>
        <description>Steel- view</description>
        <styleUrl>#line-FF9F7F-1000</styleUrl>
        <LineString>
          <tessellate>1</tessellate>
          <coordinates>
            106.627991,10.824755,5.28
            106.62798,10.824757,5.28
            106.627969,10.824758,5.28
            106.627958,10.82476,5.28
            106.627947,10.824761,5.28
            106.627936,10.824762,5.28
            106.627925,10.824764,5.28
            106.627914,10.824765,5.28
            106.627903,10.824766,5.28
            106.627892,10.824767,5.28
            106.62788,10.824768,5.28
            106.627869,10.824769,5.28
            106.627858,10.82477,5.28
            106.627847,10.824771,5.28
            106.627836,10.824771,5.28
            106.627825,10.824772,5.28
            106.627814,10.824773,5.28
            106.627803,10.824773,5.28
            106.627791,10.824774,5.28
            106.62778,10.824774,5.28
            106.627769,10.824775,5.28
            106.627758,10.824775,5.28
            106.627747,10.824775,5.28
            106.627736,10.824775,5.28
            106.627724,10.824775,5.28
            106.627713,10.824775,5.28
            106.627702,10.824775,5.28
            106.627691,10.824775,5.28
            106.62768,10.824775,5.28
            106.627669,10.824775,5.28
            106.627657,10.824775,5.28
            106.627646,10.824774,5.28
            106.627635,10.824774,5.28
            106.627624,10.824774,5.28
            106.627613,10.824773,5.28
            106.627602,10.824773,5.28
            106.62759,10.824772,5.28
            106.627579,10.824771,5.28
            106.627568,10.82477,5.28
            106.627557,10.82477,5.28
            106.627546,10.824769,5.28
            106.627535,10.824768,5.28
            106.627524,10.824767,5.28
            106.627513,10.824766,5.28
            106.627501,10.824765,5.28
            106.62749,10.824763,5.28
            106.627479,10.824762,5.28
            106.627468,10.824761,5.28
            106.627457,10.824759,5.28
          </coordinates>
        </LineString>
      </Placemark>
      <Placemark>
        <name>Polyline_003</name>
        <description>Steel- view</description>
        <styleUrl>#line-FF9F7F-1000</styleUrl>
        <LineString>
          <tessellate>1</tessellate>
          <coordinates>
            106.627457,10.824759,5.28
            106.627404,10.824808,5.28
          </coordinates>
        </LineString>
      </Placemark>
      <Placemark>
        <name>Polyline_003</name>
        <description>Steel- view</description>
        <styleUrl>#line-FF9F7F-1000</styleUrl>
        <LineString>
          <tessellate>1</tessellate>
          <coordinates>
            106.627404,10.824808,5.28
            106.627387,10.824806,5.28
            106.62737,10.824804,5.28
            106.627353,10.824801,5.28
            106.627335,10.824799,5.28
            106.627318,10.824796,5.28
            106.627301,10.824793,5.28
            106.627284,10.82479,5.28
            106.627267,10.824787,5.28
            106.62725,10.824783,5.28
            106.627233,10.82478,5.28
            106.627216,10.824776,5.28
            106.627199,10.824772,5.28
            106.627182,10.824768,5.28
            106.627165,10.824764,5.28
            106.627148,10.82476,5.28
            106.627131,10.824756,5.28
            106.627114,10.824751,5.28
            106.627097,10.824746,5.28
            106.627081,10.824741,5.28
            106.627064,10.824736,5.28
            106.627047,10.824731,5.28
            106.627031,10.824726,5.28
            106.627014,10.82472,5.28
            106.626998,10.824715,5.28
            106.626981,10.824709,5.28
            106.626965,10.824703,5.28
            106.626949,10.824697,5.28
            106.626933,10.824691,5.28
            106.626916,10.824684,5.28
            106.6269,10.824678,5.28
            106.626884,10.824671,5.28
            106.626868,10.824665,5.28
            106.626852,10.824658,5.28
            106.626836,10.824651,5.28
            106.62682,10.824643,5.28
            106.626805,10.824636,5.28
            106.626789,10.824629,5.28
            106.626773,10.824621,5.28
            106.626758,10.824613,5.28
            106.626742,10.824605,5.28
            106.626727,10.824597,5.28
            106.626712,10.824589,5.28
            106.626696,10.824581,5.28
            106.626681,10.824572,5.28
            106.626666,10.824564,5.28
            106.626651,10.824555,5.28
            106.626636,10.824546,5.28
            106.626621,10.824537,5.28
          </coordinates>
        </LineString>
      </Placemark>
      <Placemark>
        <name>Polyline_003</name>
        <description>Steel- view</description>
        <styleUrl>#line-FF9F7F-1000</styleUrl>
        <LineString>
          <tessellate>1</tessellate>
          <coordinates>
            106.626621,10.824537,5.28
            106.626533,10.824599,5.28
          </coordinates>
        </LineString>
      </Placemark>
      <Placemark>
        <name>Polyline_003</name>
        <description>Steel- view</description>
        <styleUrl>#line-FF9F7F-1000</styleUrl>
        <LineString>
          <tessellate>1</tessellate>
          <coordinates>
            106.626533,10.824599,5.28
            106.626333,10.824323,5.28
          </coordinates>
        </LineString>
      </Placemark>
      <Placemark>
        <name>Polyline_003</name>
        <description>Steel- view</description>
        <styleUrl>#line-FF9F7F-1000</styleUrl>
        <LineString>
          <tessellate>1</tessellate>
          <coordinates>
            106.626333,10.824323,5.28
            106.626328,10.824318,5.28
            106.626323,10.824314,5.28
            106.626319,10.824309,5.28
            106.626314,10.824305,5.28
            106.626309,10.8243,5.28
            106.626304,10.824296,5.28
            106.626299,10.824291,5.28
            106.626294,10.824287,5.28
            106.626289,10.824282,5.28
            106.626285,10.824278,5.28
            106.62628,10.824273,5.28
            106.626275,10.824268,5.28
            106.62627,10.824264,5.28
            106.626266,10.824259,5.28
            106.626261,10.824254,5.28
            106.626256,10.824249,5.28
            106.626251,10.824245,5.28
            106.626247,10.82424,5.28
            106.626242,10.824235,5.28
            106.626238,10.82423,5.28
            106.626233,10.824226,5.28
            106.626228,10.824221,5.28
            106.626224,10.824216,5.28
            106.626219,10.824211,5.28
            106.626215,10.824206,5.28
            106.62621,10.824202,5.28
            106.626206,10.824197,5.28
            106.626201,10.824192,5.28
            106.626197,10.824187,5.28
            106.626192,10.824182,5.28
            106.626188,10.824177,5.28
            106.626183,10.824172,5.28
            106.626179,10.824167,5.28
            106.626174,10.824162,5.28
            106.62617,10.824157,5.28
            106.626166,10.824152,5.28
            106.626161,10.824147,5.28
            106.626157,10.824142,5.28
            106.626153,10.824137,5.28
            106.626148,10.824132,5.28
            106.626144,10.824127,5.28
            106.62614,10.824122,5.28
            106.626136,10.824116,5.28
            106.626131,10.824111,5.28
            106.626127,10.824106,5.28
            106.626123,10.824101,5.28
            106.626119,10.824096,5.28
            106.626115,10.824091,5.28
          </coordinates>
        </LineString>
      </Placemark>
      <Placemark>
        <name>Polyline_003</name>
        <description>Steel- view</description>
        <styleUrl>#line-FF9F7F-1000</styleUrl>
        <LineString>
          <tessellate>1</tessellate>
          <coordinates>
            106.626115,10.824091,5.28
            106.623549,10.820865,5.28
          </coordinates>
        </LineString>
      </Placemark>
      <Placemark>
        <name>Polyline_001</name>
        <description>0</description>
        <styleUrl>#line-FF00FF-1000</styleUrl>
        <LineString>
          <tessellate>1</tessellate>
          <coordinates>
            106.621564,10.819504,5.28
            106.621613,10.81952,5.28
            106.621661,10.819536,5.28
            106.621709,10.819553,5.28
            106.621757,10.81957,5.28
            106.621805,10.819588,5.28
            106.621852,10.819607,5.28
            106.621899,10.819626,5.28
            106.621946,10.819645,5.28
            106.621993,10.819666,5.28
            106.62204,10.819687,5.28
            106.622086,10.819708,5.28
            106.622132,10.81973,5.28
            106.622178,10.819753,5.28
            106.622223,10.819776,5.28
            106.622268,10.8198,5.28
            106.622313,10.819824,5.28
            106.622357,10.819849,5.28
            106.622402,10.819874,5.28
            106.622445,10.8199,5.28
            106.622489,10.819926,5.28
            106.622532,10.819953,5.28
            106.622575,10.819981,5.28
            106.622618,10.820009,5.28
            106.62266,10.820037,5.28
            106.622701,10.820066,5.28
            106.622743,10.820096,5.28
            106.622784,10.820126,5.28
            106.622825,10.820156,5.28
            106.622865,10.820187,5.28
            106.622905,10.820219,5.28
            106.622944,10.820251,5.28
            106.622983,10.820284,5.28
            106.623022,10.820317,5.28
            106.62306,10.82035,5.28
            106.623098,10.820384,5.28
            106.623135,10.820418,5.28
            106.623172,10.820453,5.28
            106.623209,10.820488,5.28
            106.623245,10.820524,5.28
            106.623281,10.82056,5.28
            106.623316,10.820597,5.28
            106.623351,10.820634,5.28
            106.623385,10.820672,5.28
            106.623419,10.820709,5.28
            106.623452,10.820748,5.28
            106.623485,10.820786,5.28
            106.623517,10.820826,5.28
            106.623549,10.820865,5.28
          </coordinates>
        </LineString>
      </Placemark>
      <Placemark>
        <name>Polyline_001</name>
        <description>0</description>
        <styleUrl>#line-FF00FF-1000</styleUrl>
        <LineString>
          <tessellate>1</tessellate>
          <coordinates>
            106.621564,10.819504,5.28
            106.620751,10.819248,5.28
          </coordinates>
        </LineString>
      </Placemark>
      <Placemark>
        <name>Polyline_001</name>
        <description>0</description>
        <styleUrl>#line-FF00FF-1000</styleUrl>
        <LineString>
          <tessellate>1</tessellate>
          <coordinates>
            106.620751,10.819248,5.28
            106.620139,10.819167,5.28
          </coordinates>
        </LineString>
      </Placemark>
      <Placemark>
        <name>Polyline_001</name>
        <description>0</description>
        <styleUrl>#line-FF00FF-1000</styleUrl>
        <LineString>
          <tessellate>1</tessellate>
          <coordinates>
            106.620139,10.819167,5.28
            106.619152,10.819463,5.28
          </coordinates>
        </LineString>
      </Placemark>
      <Placemark>
        <name>Polyline_001</name>
        <description>0</description>
        <styleUrl>#line-FF00FF-1000</styleUrl>
        <LineString>
          <tessellate>1</tessellate>
          <coordinates>
            106.619152,10.819463,5.28
            106.618578,10.819908,5.28
          </coordinates>
        </LineString>
      </Placemark>
      <Placemark>
        <name>Polyline_001</name>
        <description>0</description>
        <styleUrl>#line-FF00FF-1000</styleUrl>
        <LineString>
          <tessellate>1</tessellate>
          <coordinates>
            106.618578,10.819908,5.28
            106.617776,10.82027,5.28
          </coordinates>
        </LineString>
      </Placemark>
      <Placemark>
        <name>Polyline_001</name>
        <description>0</description>
        <styleUrl>#line-FF00FF-1000</styleUrl>
        <LineString>
          <tessellate>1</tessellate>
          <coordinates>
            106.617776,10.82027,5.28
            106.616969,10.820347,5.28
          </coordinates>
        </LineString>
      </Placemark>
      <Placemark>
        <name>Polyline_001</name>
        <description>0</description>
        <styleUrl>#line-FF00FF-1000</styleUrl>
        <LineString>
          <tessellate>1</tessellate>
          <coordinates>
            106.616969,10.820347,5.28
            106.616138,10.820156,5.28
          </coordinates>
        </LineString>
      </Placemark>
      <Placemark>
        <name>Polyline_001</name>
        <description>0</description>
        <styleUrl>#line-FF00FF-1000</styleUrl>
        <LineString>
          <tessellate>1</tessellate>
          <coordinates>
            106.616138,10.820156,5.28
            106.615371,10.819763,5.28
          </coordinates>
        </LineString>
      </Placemark>
      <Placemark>
        <name>Polyline_001</name>
        <description>0</description>
        <styleUrl>#line-FF00FF-1000</styleUrl>
        <LineString>
          <tessellate>1</tessellate>
          <coordinates>
            106.615371,10.819763,5.28
          </coordinates>
        </LineString>
      </Placemark>
      <Placemark>
        <name>Polyline_001</name>
        <description>0</description>
        <styleUrl>#line-FF00FF-1000</styleUrl>
        <LineString>
          <tessellate>1</tessellate>
          <coordinates>
            106.615371,10.819763,5.28
          </coordinates>
        </LineString>
      </Placemark>
      <Placemark>
        <name>Polyline_001</name>
        <description>0</description>
        <styleUrl>#line-FF00FF-1000</styleUrl>
        <LineString>
          <tessellate>1</tessellate>
          <coordinates>
            106.615371,10.819763,5.28
          </coordinates>
        </LineString>
      </Placemark>
      <Placemark>
        <name>Polyline_001</name>
        <description>0</description>
        <styleUrl>#line-FF00FF-1000</styleUrl>
        <LineString>
          <tessellate>1</tessellate>
          <coordinates>
            106.615371,10.819763,5.28
          </coordinates>
        </LineString>
      </Placemark>
      <Placemark>
        <name>Polyline_001</name>
        <description>0</description>
        <styleUrl>#line-FF00FF-1000</styleUrl>
        <LineString>
          <tessellate>1</tessellate>
          <coordinates>
            106.615371,10.819763,5.28
          </coordinates>
        </LineString>
      </Placemark>
      <Placemark>
        <name>Polyline_001</name>
        <description>0</description>
        <styleUrl>#line-FF00FF-1000</styleUrl>
        <LineString>
          <tessellate>1</tessellate>
          <coordinates>
            106.615371,10.819763,5.28
            106.615833,10.819304,5.28
          </coordinates>
        </LineString>
      </Placemark>
      <Placemark>
        <name>Polyline_001</name>
        <description>0</description>
        <styleUrl>#line-FF00FF-1000</styleUrl>
        <LineString>
          <tessellate>1</tessellate>
          <coordinates>
            106.615833,10.819304,5.28
          </coordinates>
        </LineString>
      </Placemark>
      <Placemark>
        <name>Polyline_001</name>
        <description>0</description>
        <styleUrl>#line-FF00FF-1000</styleUrl>
        <LineString>
          <tessellate>1</tessellate>
          <coordinates>
            106.615833,10.819304,5.28
          </coordinates>
        </LineString>
      </Placemark>
      <Placemark>
        <name>Polyline_001</name>
        <description>0</description>
        <styleUrl>#line-FF00FF-1000</styleUrl>
        <LineString>
          <tessellate>1</tessellate>
          <coordinates>
            106.615833,10.819304,5.28
          </coordinates>
        </LineString>
      </Placemark>
      <Placemark>
        <name>Polyline_001</name>
        <description>0</description>
        <styleUrl>#line-FF00FF-1000</styleUrl>
        <LineString>
          <tessellate>1</tessellate>
          <coordinates>
            106.615833,10.819304,5.28
          </coordinates>
        </LineString>
      </Placemark>
      <Placemark>
        <name>Polyline_001</name>
        <description>0</description>
        <styleUrl>#line-FF00FF-1000</styleUrl>
        <LineString>
          <tessellate>1</tessellate>
          <coordinates>
            106.615833,10.819304,5.28
            106.616771,10.819706,5.28
          </coordinates>
        </LineString>
      </Placemark>
      <Placemark>
        <name>Polyline_001</name>
        <description>0</description>
        <styleUrl>#line-FF00FF-1000</styleUrl>
        <LineString>
          <tessellate>1</tessellate>
          <coordinates>
            106.616771,10.819706,5.28
            106.617454,10.819713,5.28
          </coordinates>
        </LineString>
      </Placemark>
      <Placemark>
        <name>Polyline_001</name>
        <description>0</description>
        <styleUrl>#line-FF00FF-1000</styleUrl>
        <LineString>
          <tessellate>1</tessellate>
          <coordinates>
            106.617454,10.819713,5.28
            106.618147,10.819454,5.28
          </coordinates>
        </LineString>
      </Placemark>
      <Placemark>
        <name>Polyline_001</name>
        <description>0</description>
        <styleUrl>#line-FF00FF-1000</styleUrl>
        <LineString>
          <tessellate>1</tessellate>
          <coordinates>
            106.618147,10.819454,5.28
            106.618788,10.818948,5.28
          </coordinates>
        </LineString>
      </Placemark>
      <Placemark>
        <name>Polyline_001</name>
        <description>0</description>
        <styleUrl>#line-FF00FF-1000</styleUrl>
        <LineString>
          <tessellate>1</tessellate>
          <coordinates>
            106.618788,10.818948,5.28
            106.619445,10.818605,5.28
          </coordinates>
        </LineString>
      </Placemark>
      <Placemark>
        <name>Polyline_001</name>
        <description>0</description>
        <styleUrl>#line-FF00FF-1000</styleUrl>
        <LineString>
          <tessellate>1</tessellate>
          <coordinates>
            106.619445,10.818605,5.28
            106.620248,10.818494,5.28
          </coordinates>
        </LineString>
      </Placemark>
      <Placemark>
        <name>Polyline_001</name>
        <description>0</description>
        <styleUrl>#line-FF00FF-1000</styleUrl>
        <LineString>
          <tessellate>1</tessellate>
          <coordinates>
            106.620248,10.818494,5.28
            106.621178,10.818701,5.28
          </coordinates>
        </LineString>
      </Placemark>
      <Placemark>
        <name>Polyline_001</name>
        <description>0</description>
        <styleUrl>#line-FF00FF-1000</styleUrl>
        <LineString>
          <tessellate>1</tessellate>
          <coordinates>
            106.621178,10.818701,5.28
            106.622201,10.81903,5.28
          </coordinates>
        </LineString>
      </Placemark>
      <Placemark>
        <name>Polyline_001</name>
        <description>0</description>
        <styleUrl>#line-FF00FF-1000</styleUrl>
        <LineString>
          <tessellate>1</tessellate>
          <coordinates>
            106.622201,10.81903,5.28
            106.622186,10.819105,5.28
          </coordinates>
        </LineString>
      </Placemark>
      <Placemark>
        <name>Polyline_001</name>
        <description>0</description>
        <styleUrl>#line-FF00FF-1000</styleUrl>
        <LineString>
          <tessellate>1</tessellate>
          <coordinates>
            106.622186,10.819105,5.28
            106.622212,10.819112,5.28
            106.622238,10.819118,5.28
            106.622264,10.819125,5.28
            106.62229,10.819131,5.28
            106.622315,10.819138,5.28
            106.622341,10.819145,5.28
            106.622367,10.819152,5.28
            106.622392,10.81916,5.28
            106.622418,10.819167,5.28
            106.622443,10.819175,5.28
            106.622469,10.819183,5.28
            106.622494,10.819191,5.28
            106.622519,10.819199,5.28
            106.622544,10.819207,5.28
            106.62257,10.819216,5.28
            106.622595,10.819225,5.28
            106.62262,10.819233,5.28
            106.622645,10.819242,5.28
            106.62267,10.819251,5.28
            106.622695,10.819261,5.28
            106.62272,10.81927,5.28
            106.622744,10.81928,5.28
            106.622769,10.81929,5.28
            106.622794,10.8193,5.28
            106.622818,10.81931,5.28
            106.622843,10.81932,5.28
            106.622867,10.81933,5.28
            106.622892,10.819341,5.28
            106.622916,10.819352,5.28
            106.62294,10.819363,5.28
            106.622965,10.819374,5.28
            106.622989,10.819385,5.28
            106.623013,10.819396,5.28
            106.623037,10.819408,5.28
            106.623061,10.819419,5.28
            106.623084,10.819431,5.28
            106.623108,10.819443,5.28
            106.623132,10.819455,5.28
            106.623155,10.819467,5.28
            106.623179,10.81948,5.28
            106.623202,10.819492,5.28
            106.623225,10.819505,5.28
            106.623249,10.819518,5.28
            106.623272,10.819531,5.28
            106.623295,10.819544,5.28
            106.623318,10.819558,5.28
            106.623341,10.819571,5.28
            106.623364,10.819585,5.28
          </coordinates>
        </LineString>
      </Placemark>
      <Placemark>
        <name>Polyline_001</name>
        <description>0</description>
        <styleUrl>#line-FF00FF-1000</styleUrl>
        <LineString>
          <tessellate>1</tessellate>
          <coordinates>
            106.623364,10.819585,5.28
            106.623538,10.819403,5.28
          </coordinates>
        </LineString>
      </Placemark>
      <Placemark>
        <name>Polyline_003</name>
        <description>Steel- view</description>
        <styleUrl>#line-FF9F7F-1000</styleUrl>
        <LineString>
          <tessellate>1</tessellate>
          <coordinates>
            106.623538,10.819403,5.28
            106.62355,10.81941,5.28
            106.623561,10.819417,5.28
            106.623573,10.819424,5.28
            106.623585,10.819432,5.28
            106.623596,10.819439,5.28
            106.623608,10.819447,5.28
            106.623619,10.819455,5.28
            106.623631,10.819462,5.28
            106.623642,10.81947,5.28
            106.623654,10.819478,5.28
            106.623665,10.819486,5.28
            106.623676,10.819494,5.28
            106.623688,10.819502,5.28
            106.623699,10.81951,5.28
            106.62371,10.819519,5.28
            106.623721,10.819527,5.28
            106.623732,10.819535,5.28
            106.623743,10.819544,5.28
            106.623754,10.819552,5.28
            106.623765,10.819561,5.28
            106.623775,10.819569,5.28
            106.623786,10.819578,5.28
            106.623797,10.819587,5.28
            106.623807,10.819596,5.28
            106.623818,10.819605,5.28
            106.623829,10.819613,5.28
            106.623839,10.819622,5.28
            106.623849,10.819632,5.28
            106.62386,10.819641,5.28
            106.62387,10.81965,5.28
            106.62388,10.819659,5.28
            106.623891,10.819669,5.28
            106.623901,10.819678,5.28
            106.623911,10.819687,5.28
            106.623921,10.819697,5.28
            106.623931,10.819706,5.28
            106.623941,10.819716,5.28
            106.62395,10.819726,5.28
            106.62396,10.819736,5.28
            106.62397,10.819745,5.28
            106.623979,10.819755,5.28
            106.623989,10.819765,5.28
            106.623999,10.819775,5.28
            106.624008,10.819785,5.28
            106.624017,10.819795,5.28
            106.624027,10.819806,5.28
            106.624036,10.819816,5.28
            106.624045,10.819826,5.28
          </coordinates>
        </LineString>
      </Placemark>
      <Placemark>
        <name>Polyline_003</name>
        <description>Steel- view</description>
        <styleUrl>#line-FF9F7F-1000</styleUrl>
        <LineString>
          <tessellate>1</tessellate>
          <coordinates>
            106.624045,10.819826,5.28
            106.625403,10.821352,5.28
          </coordinates>
        </LineString>
      </Placemark>
      <Placemark>
        <name>Polyline_003</name>
        <description>Steel- view</description>
        <styleUrl>#line-FF9F7F-1000</styleUrl>
        <LineString>
          <tessellate>1</tessellate>
          <coordinates>
            106.625403,10.821352,5.28
            106.625408,10.821359,5.28
            106.625414,10.821365,5.28
            106.62542,10.821372,5.28
            106.625425,10.821378,5.28
            106.625431,10.821385,5.28
            106.625437,10.821392,5.28
            106.625442,10.821398,5.28
            106.625448,10.821405,5.28
            106.625454,10.821411,5.28
            106.625459,10.821418,5.28
            106.625465,10.821424,5.28
            106.625471,10.821431,5.28
            106.625476,10.821438,5.28
            106.625482,10.821444,5.28
            106.625487,10.821451,5.28
            106.625493,10.821458,5.28
            106.625498,10.821464,5.28
            106.625504,10.821471,5.28
            106.625509,10.821478,5.28
            106.625515,10.821484,5.28
            106.62552,10.821491,5.28
            106.625526,10.821498,5.28
            106.625531,10.821504,5.28
            106.625537,10.821511,5.28
            106.625542,10.821518,5.28
            106.625547,10.821525,5.28
            106.625553,10.821532,5.28
            106.625558,10.821538,5.28
            106.625564,10.821545,5.28
            106.625569,10.821552,5.28
            106.625574,10.821559,5.28
            106.62558,10.821566,5.28
            106.625585,10.821572,5.28
            106.62559,10.821579,5.28
            106.625595,10.821586,5.28
            106.625601,10.821593,5.28
            106.625606,10.8216,5.28
            106.625611,10.821607,5.28
            106.625616,10.821614,5.28
            106.625622,10.821621,5.28
            106.625627,10.821628,5.28
            106.625632,10.821635,5.28
            106.625637,10.821641,5.28
            106.625642,10.821648,5.28
            106.625647,10.821655,5.28
            106.625652,10.821662,5.28
            106.625658,10.821669,5.28
            106.625663,10.821676,5.28
          </coordinates>
        </LineString>
      </Placemark>
      <Placemark>
        <name>Polyline_003</name>
        <description>Steel- view</description>
        <styleUrl>#line-FF9F7F-1000</styleUrl>
        <LineString>
          <tessellate>1</tessellate>
          <coordinates>
            106.625663,10.821676,5.28
            106.626916,10.823408,5.28
          </coordinates>
        </LineString>
      </Placemark>
      <Placemark>
        <name>Polyline_003</name>
        <description>Steel- view</description>
        <styleUrl>#line-FF9F7F-1000</styleUrl>
        <LineString>
          <tessellate>1</tessellate>
          <coordinates>
            106.628293,10.823619,5.28
            106.628267,10.823638,5.28
            106.62824,10.823656,5.28
            106.628212,10.823673,5.28
            106.628184,10.823689,5.28
            106.628156,10.823704,5.28
            106.628127,10.823718,5.28
            106.628097,10.823731,5.28
            106.628068,10.823743,5.28
            106.628037,10.823755,5.28
            106.628007,10.823765,5.28
            106.627976,10.823774,5.28
            106.627944,10.823782,5.28
            106.627913,10.82379,5.28
            106.627881,10.823796,5.28
            106.627849,10.823801,5.28
            106.627817,10.823805,5.28
            106.627785,10.823808,5.28
            106.627753,10.82381,5.28
            106.62772,10.823811,5.28
            106.627688,10.823811,5.28
            106.627656,10.823809,5.28
            106.627624,10.823807,5.28
            106.627591,10.823804,5.28
            106.627559,10.823799,5.28
            106.627527,10.823794,5.28
            106.627496,10.823788,5.28
            106.627464,10.82378,5.28
            106.627433,10.823772,5.28
            106.627402,10.823762,5.28
            106.627372,10.823751,5.28
            106.627342,10.82374,5.28
            106.627312,10.823727,5.28
            106.627283,10.823714,5.28
            106.627254,10.823699,5.28
            106.627225,10.823684,5.28
            106.627198,10.823668,5.28
            106.62717,10.823651,5.28
            106.627144,10.823632,5.28
            106.627118,10.823614,5.28
            106.627092,10.823594,5.28
            106.627068,10.823573,5.28
            106.627044,10.823552,5.28
            106.62702,10.823529,5.28
            106.626998,10.823507,5.28
            106.626976,10.823483,5.28
            106.626955,10.823458,5.28
            106.626935,10.823433,5.28
            106.626916,10.823408,5.28
          </coordinates>
        </LineString>
      </Placemark>
      <Placemark>
        <name>Polyline_003</name>
        <description>Steel- view</description>
        <styleUrl>#line-FF9F7F-1000</styleUrl>
        <LineString>
          <tessellate>1</tessellate>
          <coordinates>
            106.628293,10.823619,5.28
            106.628392,10.823546,5.28
          </coordinates>
        </LineString>
      </Placemark>
      <Placemark>
        <name>Polyline_003</name>
        <description>Steel- view</description>
        <styleUrl>#line-FF9F7F-1000</styleUrl>
        <LineString>
          <tessellate>1</tessellate>
          <coordinates>
            106.628392,10.823546,5.28
            106.628937,10.823041,5.28
          </coordinates>
        </LineString>
      </Placemark>
      <Placemark>
        <name>Polyline_003</name>
        <description>Steel- view</description>
        <styleUrl>#line-FF9F7F-1000</styleUrl>
        <LineString>
          <tessellate>1</tessellate>
          <coordinates>
            106.628937,10.823041,5.28
            106.628944,10.823035,5.28
          </coordinates>
        </LineString>
      </Placemark>
      <Placemark>
        <name>Polyline_003</name>
        <description>Steel- view</description>
        <styleUrl>#line-FF9F7F-1000</styleUrl>
        <LineString>
          <tessellate>1</tessellate>
          <coordinates>
            106.628944,10.823035,5.28
            106.628951,10.823028,5.28
          </coordinates>
        </LineString>
      </Placemark>
      <Placemark>
        <name>Polyline_003</name>
        <description>Steel- view</description>
        <styleUrl>#line-FF9F7F-1000</styleUrl>
        <LineString>
          <tessellate>1</tessellate>
          <coordinates>
            106.628951,10.823028,5.28
            106.628957,10.823022,5.28
          </coordinates>
        </LineString>
      </Placemark>
      <Placemark>
        <name>Polyline_003</name>
        <description>Steel- view</description>
        <styleUrl>#line-FF9F7F-1000</styleUrl>
        <LineString>
          <tessellate>1</tessellate>
          <coordinates>
            106.628957,10.823022,5.28
            106.628964,10.823016,5.28
          </coordinates>
        </LineString>
      </Placemark>
      <Placemark>
        <name>Polyline_003</name>
        <description>Steel- view</description>
        <styleUrl>#line-FF9F7F-1000</styleUrl>
        <LineString>
          <tessellate>1</tessellate>
          <coordinates>
            106.628964,10.823016,5.28
            106.62897,10.82301,5.28
          </coordinates>
        </LineString>
      </Placemark>
      <Placemark>
        <name>Polyline_003</name>
        <description>Steel- view</description>
        <styleUrl>#line-FF9F7F-1000</styleUrl>
        <LineString>
          <tessellate>1</tessellate>
          <coordinates>
            106.62897,10.82301,5.28
            106.628977,10.823004,5.28
          </coordinates>
        </LineString>
      </Placemark>
      <Placemark>
        <name>Polyline_003</name>
        <description>Steel- view</description>
        <styleUrl>#line-FF9F7F-1000</styleUrl>
        <LineString>
          <tessellate>1</tessellate>
          <coordinates>
            106.628977,10.823004,5.28
            106.628983,10.822999,5.28
          </coordinates>
        </LineString>
      </Placemark>
      <Placemark>
        <name>Polyline_003</name>
        <description>Steel- view</description>
        <styleUrl>#line-FF9F7F-1000</styleUrl>
        <LineString>
          <tessellate>1</tessellate>
          <coordinates>
            106.628983,10.822999,5.28
            106.628989,10.822993,5.28
          </coordinates>
        </LineString>
      </Placemark>
      <Placemark>
        <name>Polyline_003</name>
        <description>Steel- view</description>
        <styleUrl>#line-FF9F7F-1000</styleUrl>
        <LineString>
          <tessellate>1</tessellate>
          <coordinates>
            106.628989,10.822993,5.28
            106.628995,10.822987,5.28
          </coordinates>
        </LineString>
      </Placemark>
      <Placemark>
        <name>Polyline_003</name>
        <description>Steel- view</description>
        <styleUrl>#line-FF9F7F-1000</styleUrl>
        <LineString>
          <tessellate>1</tessellate>
          <coordinates>
            106.628995,10.822987,5.28
            106.629001,10.822981,5.28
          </coordinates>
        </LineString>
      </Placemark>
      <Placemark>
        <name>Polyline_003</name>
        <description>Steel- view</description>
        <styleUrl>#line-FF9F7F-1000</styleUrl>
        <LineString>
          <tessellate>1</tessellate>
          <coordinates>
            106.629001,10.822981,5.28
            106.629007,10.822976,5.28
          </coordinates>
        </LineString>
      </Placemark>
      <Placemark>
        <name>Polyline_003</name>
        <description>Steel- view</description>
        <styleUrl>#line-FF9F7F-1000</styleUrl>
        <LineString>
          <tessellate>1</tessellate>
          <coordinates>
            106.629007,10.822976,5.28
            106.629014,10.82297,5.28
          </coordinates>
        </LineString>
      </Placemark>
      <Placemark>
        <name>Polyline_003</name>
        <description>Steel- view</description>
        <styleUrl>#line-FF9F7F-1000</styleUrl>
        <LineString>
          <tessellate>1</tessellate>
          <coordinates>
            106.629014,10.82297,5.28
            106.629019,10.822964,5.28
          </coordinates>
        </LineString>
      </Placemark>
      <Placemark>
        <name>Polyline_003</name>
        <description>Steel- view</description>
        <styleUrl>#line-FF9F7F-1000</styleUrl>
        <LineString>
          <tessellate>1</tessellate>
          <coordinates>
            106.629019,10.822964,5.28
            106.629025,10.822959,5.28
          </coordinates>
        </LineString>
      </Placemark>
      <Placemark>
        <name>Polyline_003</name>
        <description>Steel- view</description>
        <styleUrl>#line-FF9F7F-1000</styleUrl>
        <LineString>
          <tessellate>1</tessellate>
          <coordinates>
            106.629025,10.822959,5.28
            106.629031,10.822953,5.28
          </coordinates>
        </LineString>
      </Placemark>
      <Placemark>
        <name>Polyline_003</name>
        <description>Steel- view</description>
        <styleUrl>#line-FF9F7F-1000</styleUrl>
        <LineString>
          <tessellate>1</tessellate>
          <coordinates>
            106.629031,10.822953,5.28
            106.629037,10.822947,5.28
          </coordinates>
        </LineString>
      </Placemark>
      <Placemark>
        <name>Polyline_003</name>
        <description>Steel- view</description>
        <styleUrl>#line-FF9F7F-1000</styleUrl>
        <LineString>
          <tessellate>1</tessellate>
          <coordinates>
            106.629037,10.822947,5.28
            106.629043,10.822942,5.28
          </coordinates>
        </LineString>
      </Placemark>
      <Placemark>
        <name>Polyline_003</name>
        <description>Steel- view</description>
        <styleUrl>#line-FF9F7F-1000</styleUrl>
        <LineString>
          <tessellate>1</tessellate>
          <coordinates>
            106.629043,10.822942,5.28
            106.629048,10.822937,5.28
          </coordinates>
        </LineString>
      </Placemark>
      <Placemark>
        <name>Polyline_003</name>
        <description>Steel- view</description>
        <styleUrl>#line-FF9F7F-1000</styleUrl>
        <LineString>
          <tessellate>1</tessellate>
          <coordinates>
            106.629048,10.822937,5.28
            106.629054,10.822931,5.28
          </coordinates>
        </LineString>
      </Placemark>
      <Placemark>
        <name>Polyline_003</name>
        <description>Steel- view</description>
        <styleUrl>#line-FF9F7F-1000</styleUrl>
        <LineString>
          <tessellate>1</tessellate>
          <coordinates>
            106.629054,10.822931,5.28
            106.62906,10.822925,5.28
          </coordinates>
        </LineString>
      </Placemark>
      <Placemark>
        <name>Polyline_003</name>
        <description>Steel- view</description>
        <styleUrl>#line-FF9F7F-1000</styleUrl>
        <LineString>
          <tessellate>1</tessellate>
          <coordinates>
            106.629705,10.821899,5.28
            106.629697,10.821923,5.28
            106.629688,10.821947,5.28
            106.629679,10.821971,5.28
            106.62967,10.821995,5.28
            106.629661,10.822019,5.28
            106.629652,10.822042,5.28
            106.629642,10.822066,5.28
            106.629632,10.822089,5.28
            106.629622,10.822113,5.28
            106.629612,10.822136,5.28
            106.629601,10.822159,5.28
            106.62959,10.822182,5.28
            106.629579,10.822205,5.28
            106.629568,10.822228,5.28
            106.629556,10.822251,5.28
            106.629545,10.822273,5.28
            106.629533,10.822296,5.28
            106.629521,10.822318,5.28
            106.629508,10.82234,5.28
            106.629496,10.822362,5.28
            106.629483,10.822384,5.28
            106.62947,10.822406,5.28
            106.629456,10.822428,5.28
            106.629443,10.82245,5.28
            106.629429,10.822471,5.28
            106.629415,10.822493,5.28
            106.629401,10.822514,5.28
            106.629387,10.822535,5.28
            106.629373,10.822556,5.28
            106.629358,10.822577,5.28
            106.629343,10.822597,5.28
            106.629328,10.822618,5.28
            106.629312,10.822638,5.28
            106.629297,10.822659,5.28
            106.629281,10.822679,5.28
            106.629265,10.822699,5.28
            106.629249,10.822718,5.28
            106.629233,10.822738,5.28
            106.629216,10.822758,5.28
            106.6292,10.822777,5.28
            106.629183,10.822796,5.28
            106.629166,10.822815,5.28
            106.629149,10.822834,5.28
            106.629131,10.822853,5.28
            106.629114,10.822871,5.28
            106.629096,10.822889,5.28
            106.629078,10.822907,5.28
            106.62906,10.822925,5.28
          </coordinates>
        </LineString>
      </Placemark>
      <Placemark>
        <name>Polyline_003</name>
        <description>Steel- view</description>
        <styleUrl>#line-FF9F7F-1000</styleUrl>
        <LineString>
          <tessellate>1</tessellate>
          <coordinates>
            106.629705,10.821899,5.28
            106.629707,10.821892,5.28
          </coordinates>
        </LineString>
      </Placemark>
      <Placemark>
        <name>Polyline_003</name>
        <description>Steel- view</description>
        <styleUrl>#line-FF9F7F-1000</styleUrl>
        <LineString>
          <tessellate>1</tessellate>
          <coordinates>
            106.629707,10.821892,5.28
            106.62971,10.821884,5.28
          </coordinates>
        </LineString>
      </Placemark>
      <Placemark>
        <name>Polyline_003</name>
        <description>Steel- view</description>
        <styleUrl>#line-FF9F7F-1000</styleUrl>
        <LineString>
          <tessellate>1</tessellate>
          <coordinates>
            106.62971,10.821884,5.28
            106.629712,10.821877,5.28
          </coordinates>
        </LineString>
      </Placemark>
      <Placemark>
        <name>Polyline_003</name>
        <description>Steel- view</description>
        <styleUrl>#line-FF9F7F-1000</styleUrl>
        <LineString>
          <tessellate>1</tessellate>
          <coordinates>
            106.629712,10.821877,5.28
            106.629715,10.82187,5.28
          </coordinates>
        </LineString>
      </Placemark>
      <Placemark>
        <name>Polyline_003</name>
        <description>Steel- view</description>
        <styleUrl>#line-FF9F7F-1000</styleUrl>
        <LineString>
          <tessellate>1</tessellate>
          <coordinates>
            106.629715,10.82187,5.28
            106.629717,10.821862,5.28
          </coordinates>
        </LineString>
      </Placemark>
      <Placemark>
        <name>Polyline_003</name>
        <description>Steel- view</description>
        <styleUrl>#line-FF9F7F-1000</styleUrl>
        <LineString>
          <tessellate>1</tessellate>
          <coordinates>
            106.629717,10.821862,5.28
            106.62972,10.821854,5.28
          </coordinates>
        </LineString>
      </Placemark>
      <Placemark>
        <name>Polyline_003</name>
        <description>Steel- view</description>
        <styleUrl>#line-FF9F7F-1000</styleUrl>
        <LineString>
          <tessellate>1</tessellate>
          <coordinates>
            106.62972,10.821854,5.28
            106.629722,10.821847,5.28
          </coordinates>
        </LineString>
      </Placemark>
      <Placemark>
        <name>Polyline_003</name>
        <description>Steel- view</description>
        <styleUrl>#line-FF9F7F-1000</styleUrl>
        <LineString>
          <tessellate>1</tessellate>
          <coordinates>
            106.629722,10.821847,5.28
            106.629725,10.821839,5.28
          </coordinates>
        </LineString>
      </Placemark>
      <Placemark>
        <name>Polyline_003</name>
        <description>Steel- view</description>
        <styleUrl>#line-FF9F7F-1000</styleUrl>
        <LineString>
          <tessellate>1</tessellate>
          <coordinates>
            106.629725,10.821839,5.28
            106.629727,10.821831,5.28
          </coordinates>
        </LineString>
      </Placemark>
      <Placemark>
        <name>Polyline_003</name>
        <description>Steel- view</description>
        <styleUrl>#line-FF9F7F-1000</styleUrl>
        <LineString>
          <tessellate>1</tessellate>
          <coordinates>
            106.629727,10.821831,5.28
            106.62973,10.821823,5.28
          </coordinates>
        </LineString>
      </Placemark>
      <Placemark>
        <name>Polyline_003</name>
        <description>Steel- view</description>
        <styleUrl>#line-FF9F7F-1000</styleUrl>
        <LineString>
          <tessellate>1</tessellate>
          <coordinates>
            106.62973,10.821823,5.28
            106.629732,10.821815,5.28
          </coordinates>
        </LineString>
      </Placemark>
      <Placemark>
        <name>Polyline_003</name>
        <description>Steel- view</description>
        <styleUrl>#line-FF9F7F-1000</styleUrl>
        <LineString>
          <tessellate>1</tessellate>
          <coordinates>
            106.629732,10.821815,5.28
            106.629735,10.821807,5.28
          </coordinates>
        </LineString>
      </Placemark>
      <Placemark>
        <name>Polyline_003</name>
        <description>Steel- view</description>
        <styleUrl>#line-FF9F7F-1000</styleUrl>
        <LineString>
          <tessellate>1</tessellate>
          <coordinates>
            106.629735,10.821807,5.28
            106.629737,10.821799,5.28
          </coordinates>
        </LineString>
      </Placemark>
      <Placemark>
        <name>Polyline_003</name>
        <description>Steel- view</description>
        <styleUrl>#line-FF9F7F-1000</styleUrl>
        <LineString>
          <tessellate>1</tessellate>
          <coordinates>
            106.629737,10.821799,5.28
            106.62974,10.82179,5.28
          </coordinates>
        </LineString>
      </Placemark>
      <Placemark>
        <name>Polyline_003</name>
        <description>Steel- view</description>
        <styleUrl>#line-FF9F7F-1000</styleUrl>
        <LineString>
          <tessellate>1</tessellate>
          <coordinates>
            106.62974,10.82179,5.28
            106.629742,10.821782,5.28
          </coordinates>
        </LineString>
      </Placemark>
      <Placemark>
        <name>Polyline_003</name>
        <description>Steel- view</description>
        <styleUrl>#line-FF9F7F-1000</styleUrl>
        <LineString>
          <tessellate>1</tessellate>
          <coordinates>
            106.629742,10.821782,5.28
            106.629745,10.821774,5.28
          </coordinates>
        </LineString>
      </Placemark>
      <Placemark>
        <name>Polyline_003</name>
        <description>Steel- view</description>
        <styleUrl>#line-FF9F7F-1000</styleUrl>
        <LineString>
          <tessellate>1</tessellate>
          <coordinates>
            106.629745,10.821774,5.28
            106.629748,10.821765,5.28
          </coordinates>
        </LineString>
      </Placemark>
      <Placemark>
        <name>Polyline_003</name>
        <description>Steel- view</description>
        <styleUrl>#line-FF9F7F-1000</styleUrl>
        <LineString>
          <tessellate>1</tessellate>
          <coordinates>
            106.629748,10.821765,5.28
            106.62975,10.821757,5.28
          </coordinates>
        </LineString>
      </Placemark>
      <Placemark>
        <name>Polyline_003</name>
        <description>Steel- view</description>
        <styleUrl>#line-FF9F7F-1000</styleUrl>
        <LineString>
          <tessellate>1</tessellate>
          <coordinates>
            106.62975,10.821757,5.28
            106.629753,10.821749,5.28
          </coordinates>
        </LineString>
      </Placemark>
      <Placemark>
        <name>Polyline_003</name>
        <description>Steel- view</description>
        <styleUrl>#line-FF9F7F-1000</styleUrl>
        <LineString>
          <tessellate>1</tessellate>
          <coordinates>
            106.629753,10.821749,5.28
            106.629755,10.82174,5.28
          </coordinates>
        </LineString>
      </Placemark>
      <Placemark>
        <name>Polyline_003</name>
        <description>Steel- view</description>
        <styleUrl>#line-FF9F7F-1000</styleUrl>
        <LineString>
          <tessellate>1</tessellate>
          <coordinates>
            106.629755,10.82174,5.28
            106.631189,10.817059,5.28
          </coordinates>
        </LineString>
      </Placemark>
      <Placemark>
        <name>Polyline_001</name>
        <description>0</description>
        <styleUrl>#line-FF00FF-1000</styleUrl>
        <LineString>
          <tessellate>1</tessellate>
          <coordinates>
            106.631189,10.817059,5.28
            106.631554,10.817168,5.28
          </coordinates>
        </LineString>
      </Placemark>
      <Placemark>
        <name>Polyline_001</name>
        <description>0</description>
        <styleUrl>#line-FF00FF-1000</styleUrl>
        <LineString>
          <tessellate>1</tessellate>
          <coordinates>
            106.631554,10.817168,5.28
            106.632549,10.813735,5.28
          </coordinates>
        </LineString>
      </Placemark>
      <Placemark>
        <name>Polyline_001</name>
        <description>0</description>
        <styleUrl>#line-FF00FF-1000</styleUrl>
        <LineString>
          <tessellate>1</tessellate>
          <coordinates>
            106.632549,10.813735,5.28
            106.63233,10.813669,5.28
          </coordinates>
        </LineString>
      </Placemark>
      <Placemark>
        <name>Polyline_001</name>
        <description>0</description>
        <styleUrl>#line-FF00FF-1000</styleUrl>
        <LineString>
          <tessellate>1</tessellate>
          <coordinates>
            106.63233,10.813669,5.28
          </coordinates>
        </LineString>
      </Placemark>
      <Placemark>
        <name>Polyline_001</name>
        <description>0</description>
        <styleUrl>#line-FF00FF-1000</styleUrl>
        <LineString>
          <tessellate>1</tessellate>
          <coordinates>
            106.63233,10.813669,5.28
            106.633142,10.810979,5.28
          </coordinates>
        </LineString>
      </Placemark>
      <Placemark>
        <name>Polyline_001</name>
        <description>0</description>
        <styleUrl>#line-FF00FF-1000</styleUrl>
        <LineString>
          <tessellate>1</tessellate>
          <coordinates>
            106.633142,10.810979,5.28
            106.633329,10.811035,5.28
          </coordinates>
        </LineString>
      </Placemark>
      <Placemark>
        <name>Polyline_001</name>
        <description>0</description>
        <styleUrl>#line-FF00FF-1000</styleUrl>
        <LineString>
          <tessellate>1</tessellate>
          <coordinates>
            106.633329,10.811035,5.28
            106.633423,10.810758,5.28
          </coordinates>
        </LineString>
      </Placemark>
      <Placemark>
        <name>Polyline_001</name>
        <description>0</description>
        <styleUrl>#line-FF00FF-1000</styleUrl>
        <LineString>
          <tessellate>1</tessellate>
          <coordinates>
            106.633423,10.810758,5.28
            106.633724,10.809962,5.28
          </coordinates>
        </LineString>
      </Placemark>
      <Placemark>
        <name>Polyline_001</name>
        <description>0</description>
        <styleUrl>#line-FF00FF-1000</styleUrl>
        <LineString>
          <tessellate>1</tessellate>
          <coordinates>
            106.633724,10.809962,5.28
            106.63396,10.809254,5.28
          </coordinates>
        </LineString>
      </Placemark>
      <Placemark>
        <name>Polyline_001</name>
        <description>0</description>
        <styleUrl>#line-FF00FF-1000</styleUrl>
        <LineString>
          <tessellate>1</tessellate>
          <coordinates>
            106.63396,10.809254,5.28
            106.634322,10.808072,5.28
          </coordinates>
        </LineString>
      </Placemark>
      <Placemark>
        <name>Polyline_001</name>
        <description>0</description>
        <styleUrl>#line-FF00FF-1000</styleUrl>
        <LineString>
          <tessellate>1</tessellate>
          <coordinates>
            106.634322,10.808072,5.28
            106.634528,10.807399,5.28
          </coordinates>
        </LineString>
      </Placemark>
      <Placemark>
        <name>Polyline_001</name>
        <description>0</description>
        <styleUrl>#line-FF00FF-1000</styleUrl>
        <LineString>
          <tessellate>1</tessellate>
          <coordinates>
            106.634528,10.807399,5.28
            106.6343,10.807331,5.28
          </coordinates>
        </LineString>
      </Placemark>
      <Placemark>
        <name>Polyline_001</name>
        <description>0</description>
        <styleUrl>#line-FF00FF-1000</styleUrl>
        <LineString>
          <tessellate>1</tessellate>
          <coordinates>
            106.6343,10.807331,5.28
            106.63432,10.807269,5.28
          </coordinates>
        </LineString>
      </Placemark>
      <Placemark>
        <name>Polyline_001</name>
        <description>0</description>
        <styleUrl>#line-FF00FF-1000</styleUrl>
        <LineString>
          <tessellate>1</tessellate>
          <coordinates>
            106.63432,10.807269,5.28
            106.634266,10.807253,5.28
          </coordinates>
        </LineString>
      </Placemark>
      <Placemark>
        <name>Polyline_001</name>
        <description>0</description>
        <styleUrl>#line-FF00FF-1000</styleUrl>
        <LineString>
          <tessellate>1</tessellate>
          <coordinates>
            106.634266,10.807253,5.28
            106.634572,10.806256,5.28
          </coordinates>
        </LineString>
      </Placemark>
      <Placemark>
        <name>Polyline_001</name>
        <description>0</description>
        <styleUrl>#line-FF00FF-1000</styleUrl>
        <LineString>
          <tessellate>1</tessellate>
          <coordinates>
            106.634572,10.806256,5.28
            106.634625,10.806272,5.28
          </coordinates>
        </LineString>
      </Placemark>
      <Placemark>
        <name>Polyline_001</name>
        <description>0</description>
        <styleUrl>#line-FF00FF-1000</styleUrl>
        <LineString>
          <tessellate>1</tessellate>
          <coordinates>
            106.634625,10.806272,5.28
            106.63512,10.804657,5.28
          </coordinates>
        </LineString>
      </Placemark>
      <Placemark>
        <name>Polyline_001</name>
        <description>0</description>
        <styleUrl>#line-FF00FF-1000</styleUrl>
        <LineString>
          <tessellate>1</tessellate>
          <coordinates>
            106.63512,10.804657,5.28
            106.635277,10.804704,5.28
          </coordinates>
        </LineString>
      </Placemark>
      <Placemark>
        <name>Polyline_001</name>
        <description>0</description>
        <styleUrl>#line-FF00FF-1000</styleUrl>
        <LineString>
          <tessellate>1</tessellate>
          <coordinates>
            106.635277,10.804704,5.28
            106.635903,10.802727,5.28
          </coordinates>
        </LineString>
      </Placemark>
      <Placemark>
        <name>Polyline_001</name>
        <description>0</description>
        <styleUrl>#line-FF00FF-1000</styleUrl>
        <LineString>
          <tessellate>1</tessellate>
          <coordinates>
            106.635903,10.802727,5.28
            106.63638,10.801934,5.28
          </coordinates>
        </LineString>
      </Placemark>
      <Placemark>
        <name>Polyline_001</name>
        <description>0</description>
        <styleUrl>#line-FF00FF-1000</styleUrl>
        <LineString>
          <tessellate>1</tessellate>
          <coordinates>
            106.63638,10.801934,5.28
            106.637068,10.801313,5.28
          </coordinates>
        </LineString>
      </Placemark>
      <Placemark>
        <name>Polyline_001</name>
        <description>0</description>
        <styleUrl>#line-FF00FF-1000</styleUrl>
        <LineString>
          <tessellate>1</tessellate>
          <coordinates>
            106.637068,10.801313,5.28
            106.637585,10.801014,5.28
          </coordinates>
        </LineString>
      </Placemark>
      <Placemark>
        <name>Polyline_001</name>
        <description>0</description>
        <styleUrl>#line-FF00FF-1000</styleUrl>
        <LineString>
          <tessellate>1</tessellate>
          <coordinates>
            106.637585,10.801014,5.28
            106.638711,10.800405,5.28
          </coordinates>
        </LineString>
      </Placemark>
      <Placemark>
        <name>Polyline_001</name>
        <description>0</description>
        <styleUrl>#line-FF00FF-1000</styleUrl>
        <LineString>
          <tessellate>1</tessellate>
          <coordinates>
            106.638711,10.800405,5.28
            106.639378,10.800049,5.28
          </coordinates>
        </LineString>
      </Placemark>
      <Placemark>
        <name>Polyline_001</name>
        <description>0</description>
        <styleUrl>#line-FF00FF-1000</styleUrl>
        <LineString>
          <tessellate>1</tessellate>
          <coordinates>
            106.639378,10.800049,5.28
            106.639852,10.799797,5.28
          </coordinates>
        </LineString>
      </Placemark>
      <Placemark>
        <name>Polyline_001</name>
        <description>0</description>
        <styleUrl>#line-FF00FF-1000</styleUrl>
        <LineString>
          <tessellate>1</tessellate>
          <coordinates>
            106.639852,10.799797,5.28
            106.641164,10.799097,5.28
          </coordinates>
        </LineString>
      </Placemark>
      <Placemark>
        <name>Polyline_001</name>
        <description>0</description>
        <styleUrl>#line-FF00FF-1000</styleUrl>
        <LineString>
          <tessellate>1</tessellate>
          <coordinates>
            106.641164,10.799097,5.28
            106.641684,10.798818,5.28
          </coordinates>
        </LineString>
      </Placemark>
      <Placemark>
        <name>Polyline_001</name>
        <description>0</description>
        <styleUrl>#line-FF00FF-1000</styleUrl>
        <LineString>
          <tessellate>1</tessellate>
          <coordinates>
            106.641684,10.798818,5.28
            106.641605,10.798675,5.28
          </coordinates>
        </LineString>
      </Placemark>
      <Placemark>
        <name>Polyline_001</name>
        <description>0</description>
        <styleUrl>#line-FF00FF-1000</styleUrl>
        <LineString>
          <tessellate>1</tessellate>
          <coordinates>
            106.641605,10.798675,5.28
            106.643295,10.79777,5.28
          </coordinates>
        </LineString>
      </Placemark>
      <Placemark>
        <name>Polyline_001</name>
        <description>0</description>
        <styleUrl>#line-FF00FF-1000</styleUrl>
        <LineString>
          <tessellate>1</tessellate>
          <coordinates>
            106.643295,10.79777,5.28
            106.643282,10.797746,5.28
          </coordinates>
        </LineString>
      </Placemark>
      <Placemark>
        <name>Polyline_001</name>
        <description>0</description>
        <styleUrl>#line-FF00FF-1000</styleUrl>
        <LineString>
          <tessellate>1</tessellate>
          <coordinates>
            106.643282,10.797746,5.28
            106.644191,10.797259,5.28
          </coordinates>
        </LineString>
      </Placemark>
      <Placemark>
        <name>Polyline_001</name>
        <description>0</description>
        <styleUrl>#line-FF00FF-1000</styleUrl>
        <LineString>
          <tessellate>1</tessellate>
          <coordinates>
            106.644191,10.797259,5.28
            106.644287,10.797434,5.28
          </coordinates>
        </LineString>
      </Placemark>
      <Placemark>
        <name>Polyline_001</name>
        <description>0</description>
        <styleUrl>#line-FF00FF-1000</styleUrl>
        <LineString>
          <tessellate>1</tessellate>
          <coordinates>
            106.644287,10.797434,5.28
            106.645173,10.796968,5.28
          </coordinates>
        </LineString>
      </Placemark>
      <Placemark>
        <name>Polyline_001</name>
        <description>0</description>
        <styleUrl>#line-FF00FF-1000</styleUrl>
        <LineString>
          <tessellate>1</tessellate>
          <coordinates>
            106.645173,10.796968,5.28
            106.647916,10.795489,5.28
          </coordinates>
        </LineString>
      </Placemark>
      <Placemark>
        <name>Polyline_001</name>
        <description>0</description>
        <styleUrl>#line-FF00FF-1000</styleUrl>
        <LineString>
          <tessellate>1</tessellate>
          <coordinates>
            106.647916,10.795489,5.28
            106.650209,10.79427,5.28
          </coordinates>
        </LineString>
      </Placemark>
      <Placemark>
        <name>Polyline_001</name>
        <description>0</description>
        <styleUrl>#line-FF00FF-1000</styleUrl>
        <LineString>
          <tessellate>1</tessellate>
          <coordinates>
            106.650209,10.79427,5.28
            106.651454,10.793604,5.28
          </coordinates>
        </LineString>
      </Placemark>
      <Placemark>
        <name>Polyline_001</name>
        <description>0</description>
        <styleUrl>#line-FF00FF-1000</styleUrl>
        <LineString>
          <tessellate>1</tessellate>
          <coordinates>
            106.651454,10.793604,5.28
            106.651424,10.793549,5.28
          </coordinates>
        </LineString>
      </Placemark>
      <Placemark>
        <name>Polyline_001</name>
        <description>0</description>
        <styleUrl>#line-FF00FF-1000</styleUrl>
        <LineString>
          <tessellate>1</tessellate>
          <coordinates>
            106.651424,10.793549,5.28
            106.651465,10.793525,5.28
          </coordinates>
        </LineString>
      </Placemark>
      <Placemark>
        <name>Polyline_001</name>
        <description>0</description>
        <styleUrl>#line-FF00FF-1000</styleUrl>
        <LineString>
          <tessellate>1</tessellate>
          <coordinates>
            106.651465,10.793525,5.28
            106.651394,10.793397,5.28
          </coordinates>
        </LineString>
      </Placemark>
      <Placemark>
        <name>Polyline_001</name>
        <description>0</description>
        <styleUrl>#line-FF00FF-1000</styleUrl>
        <LineString>
          <tessellate>1</tessellate>
          <coordinates>
            106.651394,10.793397,5.28
            106.652672,10.79272,5.28
          </coordinates>
        </LineString>
      </Placemark>
      <Placemark>
        <name>Polyline_001</name>
        <description>0</description>
        <styleUrl>#line-FF00FF-1000</styleUrl>
        <LineString>
          <tessellate>1</tessellate>
          <coordinates>
            106.652672,10.79272,5.28
            106.652569,10.792556,5.28
          </coordinates>
        </LineString>
      </Placemark>
      <Placemark>
        <name>Polyline_001</name>
        <description>0</description>
        <styleUrl>#line-FF00FF-1000</styleUrl>
        <LineString>
          <tessellate>1</tessellate>
          <coordinates>
            106.652569,10.792556,5.28
            106.653707,10.791947,5.28
          </coordinates>
        </LineString>
      </Placemark>
      <Placemark>
        <name>Polyline_001</name>
        <description>0</description>
        <styleUrl>#line-FF00FF-1000</styleUrl>
        <LineString>
          <tessellate>1</tessellate>
          <coordinates>
            106.653707,10.791947,5.28
            106.653815,10.792114,5.28
          </coordinates>
        </LineString>
      </Placemark>
      <Placemark>
        <name>Polyline_001</name>
        <description>0</description>
        <styleUrl>#line-FF00FF-1000</styleUrl>
        <LineString>
          <tessellate>1</tessellate>
          <coordinates>
            106.653815,10.792114,5.28
            106.655022,10.791474,5.28
          </coordinates>
        </LineString>
      </Placemark>
      <Placemark>
        <name>Polyline_001</name>
        <description>0</description>
        <styleUrl>#line-FF00FF-1000</styleUrl>
        <LineString>
          <tessellate>1</tessellate>
          <coordinates>
            106.655022,10.791474,5.28
            106.655123,10.791657,5.28
          </coordinates>
        </LineString>
      </Placemark>
      <Placemark>
        <name>Polyline_001</name>
        <description>0</description>
        <styleUrl>#line-FF00FF-1000</styleUrl>
        <LineString>
          <tessellate>1</tessellate>
          <coordinates>
            106.658326,10.789949,5.28
            106.658222,10.789753,5.28
          </coordinates>
        </LineString>
      </Placemark>
      <Placemark>
        <name>Polyline_001</name>
        <description>0</description>
        <styleUrl>#line-FF00FF-1000</styleUrl>
        <LineString>
          <tessellate>1</tessellate>
          <coordinates>
            106.658222,10.789753,5.28
            106.660807,10.788441,5.28
          </coordinates>
        </LineString>
      </Placemark>
      <Placemark>
        <name>Polyline_001</name>
        <description>0</description>
        <styleUrl>#line-FF00FF-1000</styleUrl>
        <LineString>
          <tessellate>1</tessellate>
          <coordinates>
            106.660807,10.788441,5.28
            106.660904,10.788622,5.28
          </coordinates>
        </LineString>
      </Placemark>
      <Placemark>
        <name>Polyline_001</name>
        <description>0</description>
        <styleUrl>#line-FF00FF-1000</styleUrl>
        <LineString>
          <tessellate>1</tessellate>
          <coordinates>
            106.660904,10.788622,5.28
            106.664216,10.786849,5.28
          </coordinates>
        </LineString>
      </Placemark>
      <Placemark>
        <name>Polyline_001</name>
        <description>0</description>
        <styleUrl>#line-FF00FF-1000</styleUrl>
        <LineString>
          <tessellate>1</tessellate>
          <coordinates>
            106.664216,10.786849,5.28
            106.664116,10.786666,5.28
          </coordinates>
        </LineString>
      </Placemark>
      <Placemark>
        <name>Polyline_001</name>
        <description>0</description>
        <styleUrl>#line-FF00FF-1000</styleUrl>
        <LineString>
          <tessellate>1</tessellate>
          <coordinates>
            106.664116,10.786666,5.28
            106.664187,10.786629,5.28
          </coordinates>
        </LineString>
      </Placemark>
      <Placemark>
        <name>Polyline_001</name>
        <description>0</description>
        <styleUrl>#line-FF00FF-1000</styleUrl>
        <LineString>
          <tessellate>1</tessellate>
          <coordinates>
            106.664187,10.786629,5.28
            106.664113,10.786495,5.28
          </coordinates>
        </LineString>
      </Placemark>
      <Placemark>
        <name>Polyline_001</name>
        <description>0</description>
        <styleUrl>#line-FF00FF-1000</styleUrl>
        <LineString>
          <tessellate>1</tessellate>
          <coordinates>
            106.664113,10.786495,5.28
            106.665029,10.786006,5.28
          </coordinates>
        </LineString>
      </Placemark>
      <Placemark>
        <name>Polyline_001</name>
        <description>0</description>
        <styleUrl>#line-FF00FF-1000</styleUrl>
        <LineString>
          <tessellate>1</tessellate>
          <coordinates>
            106.665029,10.786006,5.28
            106.665005,10.786024,5.28
          </coordinates>
        </LineString>
      </Placemark>
      <Placemark>
        <name>Polyline_001</name>
        <description>0</description>
        <styleUrl>#line-FF00FF-1000</styleUrl>
        <LineString>
          <tessellate>1</tessellate>
          <coordinates>
            106.665005,10.786024,5.28
            106.665407,10.785809,5.28
          </coordinates>
        </LineString>
      </Placemark>
      <Placemark>
        <name>Polyline_001</name>
        <description>0</description>
        <styleUrl>#line-FF00FF-1000</styleUrl>
        <LineString>
          <tessellate>1</tessellate>
          <coordinates>
            106.665407,10.785809,5.28
            106.665431,10.785791,5.28
          </coordinates>
        </LineString>
      </Placemark>
      <Placemark>
        <name>Polyline_001</name>
        <description>0</description>
        <styleUrl>#line-FF00FF-1000</styleUrl>
        <LineString>
          <tessellate>1</tessellate>
          <coordinates>
            106.665431,10.785791,5.28
            106.666313,10.785319,5.28
          </coordinates>
        </LineString>
      </Placemark>
      <Placemark>
        <name>Polyline_001</name>
        <description>0</description>
        <styleUrl>#line-FF00FF-1000</styleUrl>
        <LineString>
          <tessellate>1</tessellate>
          <coordinates>
            106.666313,10.785319,5.28
            106.666386,10.785452,5.28
          </coordinates>
        </LineString>
      </Placemark>
      <Placemark>
        <name>Polyline_001</name>
        <description>0</description>
        <styleUrl>#line-FF00FF-1000</styleUrl>
        <LineString>
          <tessellate>1</tessellate>
          <coordinates>
            106.666386,10.785452,5.28
            106.666492,10.785396,5.28
          </coordinates>
        </LineString>
      </Placemark>
      <Placemark>
        <name>Polyline_001</name>
        <description>0</description>
        <styleUrl>#line-FF00FF-1000</styleUrl>
        <LineString>
          <tessellate>1</tessellate>
          <coordinates>
            106.666492,10.785396,5.28
            106.666574,10.785547,5.28
          </coordinates>
        </LineString>
      </Placemark>
      <Placemark>
        <name>Polyline_001</name>
        <description>0</description>
        <styleUrl>#line-FF00FF-1000</styleUrl>
        <LineString>
          <tessellate>1</tessellate>
          <coordinates>
            106.666574,10.785547,5.28
            106.672241,10.782516,5.28
          </coordinates>
        </LineString>
      </Placemark>
      <Placemark>
        <name>Polyline_001</name>
        <description>0</description>
        <styleUrl>#line-FF00FF-1000</styleUrl>
        <LineString>
          <tessellate>1</tessellate>
          <coordinates>
            106.672241,10.782516,5.28
            106.672158,10.782364,5.28
          </coordinates>
        </LineString>
      </Placemark>
      <Placemark>
        <name>Polyline_001</name>
        <description>0</description>
        <styleUrl>#line-FF00FF-1000</styleUrl>
        <LineString>
          <tessellate>1</tessellate>
          <coordinates>
            106.672158,10.782364,5.28
            106.67472,10.781008,5.28
          </coordinates>
        </LineString>
      </Placemark>
      <Placemark>
        <name>Polyline_001</name>
        <description>0</description>
        <styleUrl>#line-FF00FF-1000</styleUrl>
        <LineString>
          <tessellate>1</tessellate>
          <coordinates>
            106.67472,10.781008,5.28
            106.674798,10.78115,5.28
          </coordinates>
        </LineString>
      </Placemark>
      <Placemark>
        <name>Polyline_001</name>
        <description>0</description>
        <styleUrl>#line-FF00FF-1000</styleUrl>
        <LineString>
          <tessellate>1</tessellate>
          <coordinates>
            106.674798,10.78115,5.28
            106.680291,10.778203,5.28
          </coordinates>
        </LineString>
      </Placemark>
      <Placemark>
        <name>Polyline_003</name>
        <description>Steel- view</description>
        <styleUrl>#line-FF9F7F-1000</styleUrl>
        <LineString>
          <tessellate>1</tessellate>
          <coordinates>
            106.632158,10.817349,5.28
            106.630724,10.822032,5.28
          </coordinates>
        </LineString>
      </Placemark>
      <Placemark>
        <name>Polyline_003</name>
        <description>Steel- view</description>
        <styleUrl>#line-FF9F7F-1000</styleUrl>
        <LineString>
          <tessellate>1</tessellate>
          <coordinates>
            106.630724,10.822032,5.28
            106.630721,10.822041,5.28
          </coordinates>
        </LineString>
      </Placemark>
      <Placemark>
        <name>Polyline_003</name>
        <description>Steel- view</description>
        <styleUrl>#line-FF9F7F-1000</styleUrl>
        <LineString>
          <tessellate>1</tessellate>
          <coordinates>
            106.630721,10.822041,5.28
            106.630718,10.82205,5.28
          </coordinates>
        </LineString>
      </Placemark>
      <Placemark>
        <name>Polyline_003</name>
        <description>Steel- view</description>
        <styleUrl>#line-FF9F7F-1000</styleUrl>
        <LineString>
          <tessellate>1</tessellate>
          <coordinates>
            106.630718,10.82205,5.28
            106.630716,10.822059,5.28
          </coordinates>
        </LineString>
      </Placemark>
      <Placemark>
        <name>Polyline_003</name>
        <description>Steel- view</description>
        <styleUrl>#line-FF9F7F-1000</styleUrl>
        <LineString>
          <tessellate>1</tessellate>
          <coordinates>
            106.630716,10.822059,5.28
            106.630713,10.822067,5.28
          </coordinates>
        </LineString>
      </Placemark>
      <Placemark>
        <name>Polyline_003</name>
        <description>Steel- view</description>
        <styleUrl>#line-FF9F7F-1000</styleUrl>
        <LineString>
          <tessellate>1</tessellate>
          <coordinates>
            106.630713,10.822067,5.28
            106.63071,10.822076,5.28
          </coordinates>
        </LineString>
      </Placemark>
      <Placemark>
        <name>Polyline_003</name>
        <description>Steel- view</description>
        <styleUrl>#line-FF9F7F-1000</styleUrl>
        <LineString>
          <tessellate>1</tessellate>
          <coordinates>
            106.63071,10.822076,5.28
            106.630707,10.822085,5.28
          </coordinates>
        </LineString>
      </Placemark>
      <Placemark>
        <name>Polyline_003</name>
        <description>Steel- view</description>
        <styleUrl>#line-FF9F7F-1000</styleUrl>
        <LineString>
          <tessellate>1</tessellate>
          <coordinates>
            106.630707,10.822085,5.28
            106.630704,10.822095,5.28
          </coordinates>
        </LineString>
      </Placemark>
      <Placemark>
        <name>Polyline_003</name>
        <description>Steel- view</description>
        <styleUrl>#line-FF9F7F-1000</styleUrl>
        <LineString>
          <tessellate>1</tessellate>
          <coordinates>
            106.630704,10.822095,5.28
            106.630702,10.822104,5.28
          </coordinates>
        </LineString>
      </Placemark>
      <Placemark>
        <name>Polyline_003</name>
        <description>Steel- view</description>
        <styleUrl>#line-FF9F7F-1000</styleUrl>
        <LineString>
          <tessellate>1</tessellate>
          <coordinates>
            106.630702,10.822104,5.28
            106.630699,10.822113,5.28
          </coordinates>
        </LineString>
      </Placemark>
      <Placemark>
        <name>Polyline_003</name>
        <description>Steel- view</description>
        <styleUrl>#line-FF9F7F-1000</styleUrl>
        <LineString>
          <tessellate>1</tessellate>
          <coordinates>
            106.630699,10.822113,5.28
            106.630696,10.822122,5.28
          </coordinates>
        </LineString>
      </Placemark>
      <Placemark>
        <name>Polyline_003</name>
        <description>Steel- view</description>
        <styleUrl>#line-FF9F7F-1000</styleUrl>
        <LineString>
          <tessellate>1</tessellate>
          <coordinates>
            106.630696,10.822122,5.28
            106.630693,10.822132,5.28
          </coordinates>
        </LineString>
      </Placemark>
      <Placemark>
        <name>Polyline_003</name>
        <description>Steel- view</description>
        <styleUrl>#line-FF9F7F-1000</styleUrl>
        <LineString>
          <tessellate>1</tessellate>
          <coordinates>
            106.630693,10.822132,5.28
            106.63069,10.822141,5.28
          </coordinates>
        </LineString>
      </Placemark>
      <Placemark>
        <name>Polyline_003</name>
        <description>Steel- view</description>
        <styleUrl>#line-FF9F7F-1000</styleUrl>
        <LineString>
          <tessellate>1</tessellate>
          <coordinates>
            106.63069,10.822141,5.28
            106.630687,10.82215,5.28
          </coordinates>
        </LineString>
      </Placemark>
      <Placemark>
        <name>Polyline_003</name>
        <description>Steel- view</description>
        <styleUrl>#line-FF9F7F-1000</styleUrl>
        <LineString>
          <tessellate>1</tessellate>
          <coordinates>
            106.630687,10.82215,5.28
            106.630684,10.82216,5.28
          </coordinates>
        </LineString>
      </Placemark>
      <Placemark>
        <name>Polyline_003</name>
        <description>Steel- view</description>
        <styleUrl>#line-FF9F7F-1000</styleUrl>
        <LineString>
          <tessellate>1</tessellate>
          <coordinates>
            106.630684,10.82216,5.28
            106.630681,10.822169,5.28
          </coordinates>
        </LineString>
      </Placemark>
      <Placemark>
        <name>Polyline_003</name>
        <description>Steel- view</description>
        <styleUrl>#line-FF9F7F-1000</styleUrl>
        <LineString>
          <tessellate>1</tessellate>
          <coordinates>
            106.630681,10.822169,5.28
            106.630678,10.822179,5.28
          </coordinates>
        </LineString>
      </Placemark>
      <Placemark>
        <name>Polyline_003</name>
        <description>Steel- view</description>
        <styleUrl>#line-FF9F7F-1000</styleUrl>
        <LineString>
          <tessellate>1</tessellate>
          <coordinates>
            106.630678,10.822179,5.28
            106.630674,10.822189,5.28
          </coordinates>
        </LineString>
      </Placemark>
      <Placemark>
        <name>Polyline_003</name>
        <description>Steel- view</description>
        <styleUrl>#line-FF9F7F-1000</styleUrl>
        <LineString>
          <tessellate>1</tessellate>
          <coordinates>
            106.630674,10.822189,5.28
            106.630671,10.822199,5.28
          </coordinates>
        </LineString>
      </Placemark>
      <Placemark>
        <name>Polyline_003</name>
        <description>Steel- view</description>
        <styleUrl>#line-FF9F7F-1000</styleUrl>
        <LineString>
          <tessellate>1</tessellate>
          <coordinates>
            106.630671,10.822199,5.28
            106.630668,10.822208,5.28
          </coordinates>
        </LineString>
      </Placemark>
      <Placemark>
        <name>Polyline_003</name>
        <description>Steel- view</description>
        <styleUrl>#line-FF9F7F-1000</styleUrl>
        <LineString>
          <tessellate>1</tessellate>
          <coordinates>
            106.630668,10.822208,5.28
            106.630665,10.822218,5.28
          </coordinates>
        </LineString>
      </Placemark>
      <Placemark>
        <name>Polyline_003</name>
        <description>Steel- view</description>
        <styleUrl>#line-FF9F7F-1000</styleUrl>
        <LineString>
          <tessellate>1</tessellate>
          <coordinates>
            106.630665,10.822218,5.28
            106.630653,10.822251,5.28
            106.630641,10.822284,5.28
            106.630629,10.822317,5.28
            106.630617,10.82235,5.28
            106.630604,10.822383,5.28
            106.630591,10.822415,5.28
            106.630578,10.822448,5.28
            106.630564,10.82248,5.28
            106.63055,10.822513,5.28
            106.630536,10.822545,5.28
            106.630521,10.822577,5.28
            106.630506,10.822608,5.28
            106.630491,10.82264,5.28
            106.630475,10.822672,5.28
            106.63046,10.822703,5.28
            106.630443,10.822734,5.28
            106.630427,10.822765,5.28
            106.63041,10.822796,5.28
            106.630393,10.822827,5.28
            106.630376,10.822858,5.28
            106.630358,10.822888,5.28
            106.63034,10.822918,5.28
            106.630322,10.822948,5.28
            106.630303,10.822978,5.28
            106.630284,10.823008,5.28
            106.630265,10.823037,5.28
            106.630245,10.823067,5.28
            106.630226,10.823096,5.28
            106.630206,10.823125,5.28
            106.630185,10.823154,5.28
            106.630165,10.823182,5.28
            106.630144,10.823211,5.28
            106.630123,10.823239,5.28
            106.630101,10.823267,5.28
            106.63008,10.823295,5.28
            106.630058,10.823322,5.28
            106.630035,10.823349,5.28
            106.630013,10.823377,5.28
            106.62999,10.823403,5.28
            106.629967,10.82343,5.28
            106.629944,10.823457,5.28
            106.62992,10.823483,5.28
            106.629896,10.823509,5.28
            106.629872,10.823535,5.28
            106.629848,10.82356,5.28
            106.629823,10.823585,5.28
            106.629798,10.823611,5.28
            106.629773,10.823635,5.28
          </coordinates>
        </LineString>
      </Placemark>
      <Placemark>
        <name>Polyline_003</name>
        <description>Steel- view</description>
        <styleUrl>#line-FF9F7F-1000</styleUrl>
        <LineString>
          <tessellate>1</tessellate>
          <coordinates>
            106.629773,10.823635,5.28
            106.629766,10.823642,5.28
          </coordinates>
        </LineString>
      </Placemark>
      <Placemark>
        <name>Polyline_003</name>
        <description>Steel- view</description>
        <styleUrl>#line-FF9F7F-1000</styleUrl>
        <LineString>
          <tessellate>1</tessellate>
          <coordinates>
            106.629766,10.823642,5.28
            106.629759,10.82365,5.28
          </coordinates>
        </LineString>
      </Placemark>
      <Placemark>
        <name>Polyline_003</name>
        <description>Steel- view</description>
        <styleUrl>#line-FF9F7F-1000</styleUrl>
        <LineString>
          <tessellate>1</tessellate>
          <coordinates>
            106.629759,10.82365,5.28
            106.629751,10.823657,5.28
          </coordinates>
        </LineString>
      </Placemark>
      <Placemark>
        <name>Polyline_003</name>
        <description>Steel- view</description>
        <styleUrl>#line-FF9F7F-1000</styleUrl>
        <LineString>
          <tessellate>1</tessellate>
          <coordinates>
            106.629751,10.823657,5.28
            106.629744,10.823664,5.28
          </coordinates>
        </LineString>
      </Placemark>
      <Placemark>
        <name>Polyline_003</name>
        <description>Steel- view</description>
        <styleUrl>#line-FF9F7F-1000</styleUrl>
        <LineString>
          <tessellate>1</tessellate>
          <coordinates>
            106.629744,10.823664,5.28
            106.629736,10.823671,5.28
          </coordinates>
        </LineString>
      </Placemark>
      <Placemark>
        <name>Polyline_003</name>
        <description>Steel- view</description>
        <styleUrl>#line-FF9F7F-1000</styleUrl>
        <LineString>
          <tessellate>1</tessellate>
          <coordinates>
            106.629736,10.823671,5.28
            106.629729,10.823678,5.28
          </coordinates>
        </LineString>
      </Placemark>
      <Placemark>
        <name>Polyline_003</name>
        <description>Steel- view</description>
        <styleUrl>#line-FF9F7F-1000</styleUrl>
        <LineString>
          <tessellate>1</tessellate>
          <coordinates>
            106.629729,10.823678,5.28
            106.629722,10.823685,5.28
          </coordinates>
        </LineString>
      </Placemark>
      <Placemark>
        <name>Polyline_003</name>
        <description>Steel- view</description>
        <styleUrl>#line-FF9F7F-1000</styleUrl>
        <LineString>
          <tessellate>1</tessellate>
          <coordinates>
            106.629722,10.823685,5.28
            106.629715,10.823692,5.28
          </coordinates>
        </LineString>
      </Placemark>
      <Placemark>
        <name>Polyline_003</name>
        <description>Steel- view</description>
        <styleUrl>#line-FF9F7F-1000</styleUrl>
        <LineString>
          <tessellate>1</tessellate>
          <coordinates>
            106.629715,10.823692,5.28
            106.629707,10.823699,5.28
          </coordinates>
        </LineString>
      </Placemark>
      <Placemark>
        <name>Polyline_003</name>
        <description>Steel- view</description>
        <styleUrl>#line-FF9F7F-1000</styleUrl>
        <LineString>
          <tessellate>1</tessellate>
          <coordinates>
            106.629707,10.823699,5.28
            106.6297,10.823705,5.28
          </coordinates>
        </LineString>
      </Placemark>
      <Placemark>
        <name>Polyline_003</name>
        <description>Steel- view</description>
        <styleUrl>#line-FF9F7F-1000</styleUrl>
        <LineString>
          <tessellate>1</tessellate>
          <coordinates>
            106.6297,10.823705,5.28
            106.629693,10.823712,5.28
          </coordinates>
        </LineString>
      </Placemark>
      <Placemark>
        <name>Polyline_003</name>
        <description>Steel- view</description>
        <styleUrl>#line-FF9F7F-1000</styleUrl>
        <LineString>
          <tessellate>1</tessellate>
          <coordinates>
            106.629693,10.823712,5.28
            106.629686,10.823719,5.28
          </coordinates>
        </LineString>
      </Placemark>
      <Placemark>
        <name>Polyline_003</name>
        <description>Steel- view</description>
        <styleUrl>#line-FF9F7F-1000</styleUrl>
        <LineString>
          <tessellate>1</tessellate>
          <coordinates>
            106.629686,10.823719,5.28
            106.629679,10.823725,5.28
          </coordinates>
        </LineString>
      </Placemark>
      <Placemark>
        <name>Polyline_003</name>
        <description>Steel- view</description>
        <styleUrl>#line-FF9F7F-1000</styleUrl>
        <LineString>
          <tessellate>1</tessellate>
          <coordinates>
            106.629679,10.823725,5.28
            106.629672,10.823732,5.28
          </coordinates>
        </LineString>
      </Placemark>
      <Placemark>
        <name>Polyline_003</name>
        <description>Steel- view</description>
        <styleUrl>#line-FF9F7F-1000</styleUrl>
        <LineString>
          <tessellate>1</tessellate>
          <coordinates>
            106.629672,10.823732,5.28
            106.629665,10.823738,5.28
          </coordinates>
        </LineString>
      </Placemark>
      <Placemark>
        <name>Polyline_003</name>
        <description>Steel- view</description>
        <styleUrl>#line-FF9F7F-1000</styleUrl>
        <LineString>
          <tessellate>1</tessellate>
          <coordinates>
            106.629665,10.823738,5.28
            106.629658,10.823744,5.28
          </coordinates>
        </LineString>
      </Placemark>
      <Placemark>
        <name>Polyline_003</name>
        <description>Steel- view</description>
        <styleUrl>#line-FF9F7F-1000</styleUrl>
        <LineString>
          <tessellate>1</tessellate>
          <coordinates>
            106.629658,10.823744,5.28
            106.629651,10.823751,5.28
          </coordinates>
        </LineString>
      </Placemark>
      <Placemark>
        <name>Polyline_003</name>
        <description>Steel- view</description>
        <styleUrl>#line-FF9F7F-1000</styleUrl>
        <LineString>
          <tessellate>1</tessellate>
          <coordinates>
            106.629651,10.823751,5.28
            106.629645,10.823757,5.28
          </coordinates>
        </LineString>
      </Placemark>
      <Placemark>
        <name>Polyline_003</name>
        <description>Steel- view</description>
        <styleUrl>#line-FF9F7F-1000</styleUrl>
        <LineString>
          <tessellate>1</tessellate>
          <coordinates>
            106.629645,10.823757,5.28
            106.629638,10.823763,5.28
          </coordinates>
        </LineString>
      </Placemark>
      <Placemark>
        <name>Polyline_003</name>
        <description>Steel- view</description>
        <styleUrl>#line-FF9F7F-1000</styleUrl>
        <LineString>
          <tessellate>1</tessellate>
          <coordinates>
            106.629638,10.823763,5.28
            106.629631,10.82377,5.28
          </coordinates>
        </LineString>
      </Placemark>
      <Placemark>
        <name>Polyline_003</name>
        <description>Steel- view</description>
        <styleUrl>#line-FF9F7F-1000</styleUrl>
        <LineString>
          <tessellate>1</tessellate>
          <coordinates>
            106.629631,10.82377,5.28
            106.62826,10.825038,5.28
          </coordinates>
        </LineString>
      </Placemark>
      <Placemark>
        <name>Polyline_003</name>
        <description>Steel- view</description>
        <styleUrl>#line-FF9F7F-1000</styleUrl>
        <LineString>
          <tessellate>1</tessellate>
          <coordinates>
            106.62826,10.825038,5.28
            106.627991,10.824755,5.28
          </coordinates>
        </LineString>
      </Placemark>
      <Placemark>
        <name>Polyline_003</name>
        <description>Steel- view</description>
        <styleUrl>#line-FF9F7F-1000</styleUrl>
        <LineString>
          <tessellate>1</tessellate>
          <coordinates>
            106.627991,10.824755,5.28
            106.62798,10.824757,5.28
            106.627969,10.824758,5.28
            106.627958,10.82476,5.28
            106.627947,10.824761,5.28
            106.627936,10.824762,5.28
            106.627925,10.824764,5.28
            106.627914,10.824765,5.28
            106.627903,10.824766,5.28
            106.627892,10.824767,5.28
            106.62788,10.824768,5.28
            106.627869,10.824769,5.28
            106.627858,10.82477,5.28
            106.627847,10.824771,5.28
            106.627836,10.824771,5.28
            106.627825,10.824772,5.28
            106.627814,10.824773,5.28
            106.627803,10.824773,5.28
            106.627791,10.824774,5.28
            106.62778,10.824774,5.28
            106.627769,10.824775,5.28
            106.627758,10.824775,5.28
            106.627747,10.824775,5.28
            106.627736,10.824775,5.28
            106.627724,10.824775,5.28
            106.627713,10.824775,5.28
            106.627702,10.824775,5.28
            106.627691,10.824775,5.28
            106.62768,10.824775,5.28
            106.627669,10.824775,5.28
            106.627657,10.824775,5.28
            106.627646,10.824774,5.28
            106.627635,10.824774,5.28
            106.627624,10.824774,5.28
            106.627613,10.824773,5.28
            106.627602,10.824773,5.28
            106.62759,10.824772,5.28
            106.627579,10.824771,5.28
            106.627568,10.82477,5.28
            106.627557,10.82477,5.28
            106.627546,10.824769,5.28
            106.627535,10.824768,5.28
            106.627524,10.824767,5.28
            106.627513,10.824766,5.28
            106.627501,10.824765,5.28
            106.62749,10.824763,5.28
            106.627479,10.824762,5.28
            106.627468,10.824761,5.28
            106.627457,10.824759,5.28
          </coordinates>
        </LineString>
      </Placemark>
      <Placemark>
        <name>Polyline_003</name>
        <description>Steel- view</description>
        <styleUrl>#line-FF9F7F-1000</styleUrl>
        <LineString>
          <tessellate>1</tessellate>
          <coordinates>
            106.627457,10.824759,5.28
            106.627404,10.824808,5.28
          </coordinates>
        </LineString>
      </Placemark>
      <Placemark>
        <name>Polyline_003</name>
        <description>Steel- view</description>
        <styleUrl>#line-FF9F7F-1000</styleUrl>
        <LineString>
          <tessellate>1</tessellate>
          <coordinates>
            106.627404,10.824808,5.28
            106.627387,10.824806,5.28
            106.62737,10.824804,5.28
            106.627353,10.824801,5.28
            106.627335,10.824799,5.28
            106.627318,10.824796,5.28
            106.627301,10.824793,5.28
            106.627284,10.82479,5.28
            106.627267,10.824787,5.28
            106.62725,10.824783,5.28
            106.627233,10.82478,5.28
            106.627216,10.824776,5.28
            106.627199,10.824772,5.28
            106.627182,10.824768,5.28
            106.627165,10.824764,5.28
            106.627148,10.82476,5.28
            106.627131,10.824756,5.28
            106.627114,10.824751,5.28
            106.627097,10.824746,5.28
            106.627081,10.824741,5.28
            106.627064,10.824736,5.28
            106.627047,10.824731,5.28
            106.627031,10.824726,5.28
            106.627014,10.82472,5.28
            106.626998,10.824715,5.28
            106.626981,10.824709,5.28
            106.626965,10.824703,5.28
            106.626949,10.824697,5.28
            106.626933,10.824691,5.28
            106.626916,10.824684,5.28
            106.6269,10.824678,5.28
            106.626884,10.824671,5.28
            106.626868,10.824665,5.28
            106.626852,10.824658,5.28
            106.626836,10.824651,5.28
            106.62682,10.824643,5.28
            106.626805,10.824636,5.28
            106.626789,10.824629,5.28
            106.626773,10.824621,5.28
            106.626758,10.824613,5.28
            106.626742,10.824605,5.28
            106.626727,10.824597,5.28
            106.626712,10.824589,5.28
            106.626696,10.824581,5.28
            106.626681,10.824572,5.28
            106.626666,10.824564,5.28
            106.626651,10.824555,5.28
            106.626636,10.824546,5.28
            106.626621,10.824537,5.28
          </coordinates>
        </LineString>
      </Placemark>
      <Placemark>
        <name>Polyline_003</name>
        <description>Steel- view</description>
        <styleUrl>#line-FF9F7F-1000</styleUrl>
        <LineString>
          <tessellate>1</tessellate>
          <coordinates>
            106.626621,10.824537,5.28
            106.626533,10.824599,5.28
          </coordinates>
        </LineString>
      </Placemark>
      <Placemark>
        <name>Polyline_003</name>
        <description>Steel- view</description>
        <styleUrl>#line-FF9F7F-1000</styleUrl>
        <LineString>
          <tessellate>1</tessellate>
          <coordinates>
            106.626533,10.824599,5.28
            106.626333,10.824323,5.28
          </coordinates>
        </LineString>
      </Placemark>
      <Placemark>
        <name>Polyline_003</name>
        <description>Steel- view</description>
        <styleUrl>#line-FF9F7F-1000</styleUrl>
        <LineString>
          <tessellate>1</tessellate>
          <coordinates>
            106.626333,10.824323,5.28
            106.626328,10.824318,5.28
            106.626323,10.824314,5.28
            106.626319,10.824309,5.28
            106.626314,10.824305,5.28
            106.626309,10.8243,5.28
            106.626304,10.824296,5.28
            106.626299,10.824291,5.28
            106.626294,10.824287,5.28
            106.626289,10.824282,5.28
            106.626285,10.824278,5.28
            106.62628,10.824273,5.28
            106.626275,10.824268,5.28
            106.62627,10.824264,5.28
            106.626266,10.824259,5.28
            106.626261,10.824254,5.28
            106.626256,10.824249,5.28
            106.626251,10.824245,5.28
            106.626247,10.82424,5.28
            106.626242,10.824235,5.28
            106.626238,10.82423,5.28
            106.626233,10.824226,5.28
            106.626228,10.824221,5.28
            106.626224,10.824216,5.28
            106.626219,10.824211,5.28
            106.626215,10.824206,5.28
            106.62621,10.824202,5.28
            106.626206,10.824197,5.28
            106.626201,10.824192,5.28
            106.626197,10.824187,5.28
            106.626192,10.824182,5.28
            106.626188,10.824177,5.28
            106.626183,10.824172,5.28
            106.626179,10.824167,5.28
            106.626174,10.824162,5.28
            106.62617,10.824157,5.28
            106.626166,10.824152,5.28
            106.626161,10.824147,5.28
            106.626157,10.824142,5.28
            106.626153,10.824137,5.28
            106.626148,10.824132,5.28
            106.626144,10.824127,5.28
            106.62614,10.824122,5.28
            106.626136,10.824116,5.28
            106.626131,10.824111,5.28
            106.626127,10.824106,5.28
            106.626123,10.824101,5.28
            106.626119,10.824096,5.28
            106.626115,10.824091,5.28
          </coordinates>
        </LineString>
      </Placemark>
      <Placemark>
        <name>Polyline_003</name>
        <description>Steel- view</description>
        <styleUrl>#line-FF9F7F-1000</styleUrl>
        <LineString>
          <tessellate>1</tessellate>
          <coordinates>
            106.626115,10.824091,5.28
            106.623549,10.820865,5.28
          </coordinates>
        </LineString>
      </Placemark>
      <Placemark>
        <name>Polyline_003</name>
        <description>Steel- view</description>
        <styleUrl>#line-FF9F7F-1000</styleUrl>
        <LineString>
          <tessellate>1</tessellate>
          <coordinates>
            106.622874,10.820194,5.28
            106.622889,10.820207,5.28
            106.622905,10.820219,5.28
            106.62292,10.820232,5.28
            106.622936,10.820244,5.28
            106.622951,10.820257,5.28
            106.622966,10.820269,5.28
            106.622982,10.820282,5.28
            106.622997,10.820295,5.28
            106.623012,10.820308,5.28
            106.623027,10.820321,5.28
            106.623042,10.820334,5.28
            106.623057,10.820347,5.28
            106.623072,10.82036,5.28
            106.623087,10.820374,5.28
            106.623101,10.820387,5.28
            106.623116,10.8204,5.28
            106.623131,10.820414,5.28
            106.623145,10.820427,5.28
            106.62316,10.820441,5.28
            106.623174,10.820455,5.28
            106.623188,10.820469,5.28
            106.623203,10.820482,5.28
            106.623217,10.820496,5.28
            106.623231,10.82051,5.28
            106.623245,10.820524,5.28
            106.623259,10.820538,5.28
            106.623273,10.820553,5.28
            106.623287,10.820567,5.28
            106.623301,10.820581,5.28
            106.623314,10.820595,5.28
            106.623328,10.82061,5.28
            106.623342,10.820624,5.28
            106.623355,10.820639,5.28
            106.623368,10.820654,5.28
            106.623382,10.820668,5.28
            106.623395,10.820683,5.28
            106.623408,10.820698,5.28
            106.623421,10.820713,5.28
            106.623435,10.820728,5.28
            106.623448,10.820743,5.28
            106.62346,10.820758,5.28
            106.623473,10.820773,5.28
            106.623486,10.820788,5.28
            106.623499,10.820803,5.28
            106.623511,10.820819,5.28
            106.623524,10.820834,5.28
            106.623536,10.82085,5.28
            106.623549,10.820865,5.28
          </coordinates>
        </LineString>
      </Placemark>
      <Placemark>
        <name>Polyline_004</name>
        <description>0</description>
        <styleUrl>#line-FFFF00-1000</styleUrl>
        <LineString>
          <tessellate>1</tessellate>
          <coordinates>
            106.622874,10.820194,5.28
            106.623538,10.819403,5.28
          </coordinates>
        </LineString>
      </Placemark>
      <Placemark>
        <name>Polyline_003</name>
        <description>Steel- view</description>
        <styleUrl>#line-FF9F7F-1000</styleUrl>
        <LineString>
          <tessellate>1</tessellate>
          <coordinates>
            106.623538,10.819403,5.28
            106.62355,10.81941,5.28
            106.623561,10.819417,5.28
            106.623573,10.819424,5.28
            106.623585,10.819432,5.28
            106.623596,10.819439,5.28
            106.623608,10.819447,5.28
            106.623619,10.819455,5.28
            106.623631,10.819462,5.28
            106.623642,10.81947,5.28
            106.623654,10.819478,5.28
            106.623665,10.819486,5.28
            106.623676,10.819494,5.28
            106.623688,10.819502,5.28
            106.623699,10.81951,5.28
            106.62371,10.819519,5.28
            106.623721,10.819527,5.28
            106.623732,10.819535,5.28
            106.623743,10.819544,5.28
            106.623754,10.819552,5.28
            106.623765,10.819561,5.28
            106.623775,10.819569,5.28
            106.623786,10.819578,5.28
            106.623797,10.819587,5.28
            106.623807,10.819596,5.28
            106.623818,10.819605,5.28
            106.623829,10.819613,5.28
            106.623839,10.819622,5.28
            106.623849,10.819632,5.28
            106.62386,10.819641,5.28
            106.62387,10.81965,5.28
            106.62388,10.819659,5.28
            106.623891,10.819669,5.28
            106.623901,10.819678,5.28
            106.623911,10.819687,5.28
            106.623921,10.819697,5.28
            106.623931,10.819706,5.28
            106.623941,10.819716,5.28
            106.62395,10.819726,5.28
            106.62396,10.819736,5.28
            106.62397,10.819745,5.28
            106.623979,10.819755,5.28
            106.623989,10.819765,5.28
            106.623999,10.819775,5.28
            106.624008,10.819785,5.28
            106.624017,10.819795,5.28
            106.624027,10.819806,5.28
            106.624036,10.819816,5.28
            106.624045,10.819826,5.28
          </coordinates>
        </LineString>
      </Placemark>
      <Placemark>
        <name>Polyline_003</name>
        <description>Steel- view</description>
        <styleUrl>#line-FF9F7F-1000</styleUrl>
        <LineString>
          <tessellate>1</tessellate>
          <coordinates>
            106.624045,10.819826,5.28
            106.625403,10.821352,5.28
          </coordinates>
        </LineString>
      </Placemark>
      <Placemark>
        <name>Polyline_003</name>
        <description>Steel- view</description>
        <styleUrl>#line-FF9F7F-1000</styleUrl>
        <LineString>
          <tessellate>1</tessellate>
          <coordinates>
            106.625403,10.821352,5.28
            106.625408,10.821359,5.28
            106.625414,10.821365,5.28
            106.62542,10.821372,5.28
            106.625425,10.821378,5.28
            106.625431,10.821385,5.28
            106.625437,10.821392,5.28
            106.625442,10.821398,5.28
            106.625448,10.821405,5.28
            106.625454,10.821411,5.28
            106.625459,10.821418,5.28
            106.625465,10.821424,5.28
            106.625471,10.821431,5.28
            106.625476,10.821438,5.28
            106.625482,10.821444,5.28
            106.625487,10.821451,5.28
            106.625493,10.821458,5.28
            106.625498,10.821464,5.28
            106.625504,10.821471,5.28
            106.625509,10.821478,5.28
            106.625515,10.821484,5.28
            106.62552,10.821491,5.28
            106.625526,10.821498,5.28
            106.625531,10.821504,5.28
            106.625537,10.821511,5.28
            106.625542,10.821518,5.28
            106.625547,10.821525,5.28
            106.625553,10.821532,5.28
            106.625558,10.821538,5.28
            106.625564,10.821545,5.28
            106.625569,10.821552,5.28
            106.625574,10.821559,5.28
            106.62558,10.821566,5.28
            106.625585,10.821572,5.28
            106.62559,10.821579,5.28
            106.625595,10.821586,5.28
            106.625601,10.821593,5.28
            106.625606,10.8216,5.28
            106.625611,10.821607,5.28
            106.625616,10.821614,5.28
            106.625622,10.821621,5.28
            106.625627,10.821628,5.28
            106.625632,10.821635,5.28
            106.625637,10.821641,5.28
            106.625642,10.821648,5.28
            106.625647,10.821655,5.28
            106.625652,10.821662,5.28
            106.625658,10.821669,5.28
            106.625663,10.821676,5.28
          </coordinates>
        </LineString>
      </Placemark>
      <Placemark>
        <name>Polyline_003</name>
        <description>Steel- view</description>
        <styleUrl>#line-FF9F7F-1000</styleUrl>
        <LineString>
          <tessellate>1</tessellate>
          <coordinates>
            106.625663,10.821676,5.28
            106.626916,10.823408,5.28
          </coordinates>
        </LineString>
      </Placemark>
      <Placemark>
        <name>Polyline_003</name>
        <description>Steel- view</description>
        <styleUrl>#line-FF9F7F-1000</styleUrl>
        <LineString>
          <tessellate>1</tessellate>
          <coordinates>
            106.628293,10.823619,5.28
            106.628267,10.823638,5.28
            106.62824,10.823656,5.28
            106.628212,10.823673,5.28
            106.628184,10.823689,5.28
            106.628156,10.823704,5.28
            106.628127,10.823718,5.28
            106.628097,10.823731,5.28
            106.628068,10.823743,5.28
            106.628037,10.823755,5.28
            106.628007,10.823765,5.28
            106.627976,10.823774,5.28
            106.627944,10.823782,5.28
            106.627913,10.82379,5.28
            106.627881,10.823796,5.28
            106.627849,10.823801,5.28
            106.627817,10.823805,5.28
            106.627785,10.823808,5.28
            106.627753,10.82381,5.28
            106.62772,10.823811,5.28
            106.627688,10.823811,5.28
            106.627656,10.823809,5.28
            106.627624,10.823807,5.28
            106.627591,10.823804,5.28
            106.627559,10.823799,5.28
            106.627527,10.823794,5.28
            106.627496,10.823788,5.28
            106.627464,10.82378,5.28
            106.627433,10.823772,5.28
            106.627402,10.823762,5.28
            106.627372,10.823751,5.28
            106.627342,10.82374,5.28
            106.627312,10.823727,5.28
            106.627283,10.823714,5.28
            106.627254,10.823699,5.28
            106.627225,10.823684,5.28
            106.627198,10.823668,5.28
            106.62717,10.823651,5.28
            106.627144,10.823632,5.28
            106.627118,10.823614,5.28
            106.627092,10.823594,5.28
            106.627068,10.823573,5.28
            106.627044,10.823552,5.28
            106.62702,10.823529,5.28
            106.626998,10.823507,5.28
            106.626976,10.823483,5.28
            106.626955,10.823458,5.28
            106.626935,10.823433,5.28
            106.626916,10.823408,5.28
          </coordinates>
        </LineString>
      </Placemark>
      <Placemark>
        <name>Polyline_003</name>
        <description>Steel- view</description>
        <styleUrl>#line-FF9F7F-1000</styleUrl>
        <LineString>
          <tessellate>1</tessellate>
          <coordinates>
            106.628293,10.823619,5.28
            106.628392,10.823546,5.28
          </coordinates>
        </LineString>
      </Placemark>
      <Placemark>
        <name>Polyline_003</name>
        <description>Steel- view</description>
        <styleUrl>#line-FF9F7F-1000</styleUrl>
        <LineString>
          <tessellate>1</tessellate>
          <coordinates>
            106.628392,10.823546,5.28
            106.628937,10.823041,5.28
          </coordinates>
        </LineString>
      </Placemark>
      <Placemark>
        <name>Polyline_003</name>
        <description>Steel- view</description>
        <styleUrl>#line-FF9F7F-1000</styleUrl>
        <LineString>
          <tessellate>1</tessellate>
          <coordinates>
            106.628937,10.823041,5.28
            106.628944,10.823035,5.28
          </coordinates>
        </LineString>
      </Placemark>
      <Placemark>
        <name>Polyline_003</name>
        <description>Steel- view</description>
        <styleUrl>#line-FF9F7F-1000</styleUrl>
        <LineString>
          <tessellate>1</tessellate>
          <coordinates>
            106.628944,10.823035,5.28
            106.628951,10.823028,5.28
          </coordinates>
        </LineString>
      </Placemark>
      <Placemark>
        <name>Polyline_003</name>
        <description>Steel- view</description>
        <styleUrl>#line-FF9F7F-1000</styleUrl>
        <LineString>
          <tessellate>1</tessellate>
          <coordinates>
            106.628951,10.823028,5.28
            106.628957,10.823022,5.28
          </coordinates>
        </LineString>
      </Placemark>
      <Placemark>
        <name>Polyline_003</name>
        <description>Steel- view</description>
        <styleUrl>#line-FF9F7F-1000</styleUrl>
        <LineString>
          <tessellate>1</tessellate>
          <coordinates>
            106.628957,10.823022,5.28
            106.628964,10.823016,5.28
          </coordinates>
        </LineString>
      </Placemark>
      <Placemark>
        <name>Polyline_003</name>
        <description>Steel- view</description>
        <styleUrl>#line-FF9F7F-1000</styleUrl>
        <LineString>
          <tessellate>1</tessellate>
          <coordinates>
            106.628964,10.823016,5.28
            106.62897,10.82301,5.28
          </coordinates>
        </LineString>
      </Placemark>
      <Placemark>
        <name>Polyline_003</name>
        <description>Steel- view</description>
        <styleUrl>#line-FF9F7F-1000</styleUrl>
        <LineString>
          <tessellate>1</tessellate>
          <coordinates>
            106.62897,10.82301,5.28
            106.628977,10.823004,5.28
          </coordinates>
        </LineString>
      </Placemark>
      <Placemark>
        <name>Polyline_003</name>
        <description>Steel- view</description>
        <styleUrl>#line-FF9F7F-1000</styleUrl>
        <LineString>
          <tessellate>1</tessellate>
          <coordinates>
            106.628977,10.823004,5.28
            106.628983,10.822999,5.28
          </coordinates>
        </LineString>
      </Placemark>
      <Placemark>
        <name>Polyline_003</name>
        <description>Steel- view</description>
        <styleUrl>#line-FF9F7F-1000</styleUrl>
        <LineString>
          <tessellate>1</tessellate>
          <coordinates>
            106.628983,10.822999,5.28
            106.628989,10.822993,5.28
          </coordinates>
        </LineString>
      </Placemark>
      <Placemark>
        <name>Polyline_003</name>
        <description>Steel- view</description>
        <styleUrl>#line-FF9F7F-1000</styleUrl>
        <LineString>
          <tessellate>1</tessellate>
          <coordinates>
            106.628989,10.822993,5.28
            106.628995,10.822987,5.28
          </coordinates>
        </LineString>
      </Placemark>
      <Placemark>
        <name>Polyline_003</name>
        <description>Steel- view</description>
        <styleUrl>#line-FF9F7F-1000</styleUrl>
        <LineString>
          <tessellate>1</tessellate>
          <coordinates>
            106.628995,10.822987,5.28
            106.629001,10.822981,5.28
          </coordinates>
        </LineString>
      </Placemark>
      <Placemark>
        <name>Polyline_003</name>
        <description>Steel- view</description>
        <styleUrl>#line-FF9F7F-1000</styleUrl>
        <LineString>
          <tessellate>1</tessellate>
          <coordinates>
            106.629001,10.822981,5.28
            106.629007,10.822976,5.28
          </coordinates>
        </LineString>
      </Placemark>
      <Placemark>
        <name>Polyline_003</name>
        <description>Steel- view</description>
        <styleUrl>#line-FF9F7F-1000</styleUrl>
        <LineString>
          <tessellate>1</tessellate>
          <coordinates>
            106.629007,10.822976,5.28
            106.629014,10.82297,5.28
          </coordinates>
        </LineString>
      </Placemark>
      <Placemark>
        <name>Polyline_003</name>
        <description>Steel- view</description>
        <styleUrl>#line-FF9F7F-1000</styleUrl>
        <LineString>
          <tessellate>1</tessellate>
          <coordinates>
            106.629014,10.82297,5.28
            106.629019,10.822964,5.28
          </coordinates>
        </LineString>
      </Placemark>
      <Placemark>
        <name>Polyline_003</name>
        <description>Steel- view</description>
        <styleUrl>#line-FF9F7F-1000</styleUrl>
        <LineString>
          <tessellate>1</tessellate>
          <coordinates>
            106.629019,10.822964,5.28
            106.629025,10.822959,5.28
          </coordinates>
        </LineString>
      </Placemark>
      <Placemark>
        <name>Polyline_003</name>
        <description>Steel- view</description>
        <styleUrl>#line-FF9F7F-1000</styleUrl>
        <LineString>
          <tessellate>1</tessellate>
          <coordinates>
            106.629025,10.822959,5.28
            106.629031,10.822953,5.28
          </coordinates>
        </LineString>
      </Placemark>
      <Placemark>
        <name>Polyline_003</name>
        <description>Steel- view</description>
        <styleUrl>#line-FF9F7F-1000</styleUrl>
        <LineString>
          <tessellate>1</tessellate>
          <coordinates>
            106.629031,10.822953,5.28
            106.629037,10.822947,5.28
          </coordinates>
        </LineString>
      </Placemark>
      <Placemark>
        <name>Polyline_003</name>
        <description>Steel- view</description>
        <styleUrl>#line-FF9F7F-1000</styleUrl>
        <LineString>
          <tessellate>1</tessellate>
          <coordinates>
            106.629037,10.822947,5.28
            106.629043,10.822942,5.28
          </coordinates>
        </LineString>
      </Placemark>
      <Placemark>
        <name>Polyline_003</name>
        <description>Steel- view</description>
        <styleUrl>#line-FF9F7F-1000</styleUrl>
        <LineString>
          <tessellate>1</tessellate>
          <coordinates>
            106.629043,10.822942,5.28
            106.629048,10.822937,5.28
          </coordinates>
        </LineString>
      </Placemark>
      <Placemark>
        <name>Polyline_003</name>
        <description>Steel- view</description>
        <styleUrl>#line-FF9F7F-1000</styleUrl>
        <LineString>
          <tessellate>1</tessellate>
          <coordinates>
            106.629048,10.822937,5.28
            106.629054,10.822931,5.28
          </coordinates>
        </LineString>
      </Placemark>
      <Placemark>
        <name>Polyline_003</name>
        <description>Steel- view</description>
        <styleUrl>#line-FF9F7F-1000</styleUrl>
        <LineString>
          <tessellate>1</tessellate>
          <coordinates>
            106.629054,10.822931,5.28
            106.62906,10.822925,5.28
          </coordinates>
        </LineString>
      </Placemark>
      <Placemark>
        <name>Polyline_003</name>
        <description>Steel- view</description>
        <styleUrl>#line-FF9F7F-1000</styleUrl>
        <LineString>
          <tessellate>1</tessellate>
          <coordinates>
            106.629705,10.821899,5.28
            106.629697,10.821923,5.28
            106.629688,10.821947,5.28
            106.629679,10.821971,5.28
            106.62967,10.821995,5.28
            106.629661,10.822019,5.28
            106.629652,10.822042,5.28
            106.629642,10.822066,5.28
            106.629632,10.822089,5.28
            106.629622,10.822113,5.28
            106.629612,10.822136,5.28
            106.629601,10.822159,5.28
            106.62959,10.822182,5.28
            106.629579,10.822205,5.28
            106.629568,10.822228,5.28
            106.629556,10.822251,5.28
            106.629545,10.822273,5.28
            106.629533,10.822296,5.28
            106.629521,10.822318,5.28
            106.629508,10.82234,5.28
            106.629496,10.822362,5.28
            106.629483,10.822384,5.28
            106.62947,10.822406,5.28
            106.629456,10.822428,5.28
            106.629443,10.82245,5.28
            106.629429,10.822471,5.28
            106.629415,10.822493,5.28
            106.629401,10.822514,5.28
            106.629387,10.822535,5.28
            106.629373,10.822556,5.28
            106.629358,10.822577,5.28
            106.629343,10.822597,5.28
            106.629328,10.822618,5.28
            106.629312,10.822638,5.28
            106.629297,10.822659,5.28
            106.629281,10.822679,5.28
            106.629265,10.822699,5.28
            106.629249,10.822718,5.28
            106.629233,10.822738,5.28
            106.629216,10.822758,5.28
            106.6292,10.822777,5.28
            106.629183,10.822796,5.28
            106.629166,10.822815,5.28
            106.629149,10.822834,5.28
            106.629131,10.822853,5.28
            106.629114,10.822871,5.28
            106.629096,10.822889,5.28
            106.629078,10.822907,5.28
            106.62906,10.822925,5.28
          </coordinates>
        </LineString>
      </Placemark>
      <Placemark>
        <name>Polyline_003</name>
        <description>Steel- view</description>
        <styleUrl>#line-FF9F7F-1000</styleUrl>
        <LineString>
          <tessellate>1</tessellate>
          <coordinates>
            106.629705,10.821899,5.28
            106.629707,10.821892,5.28
          </coordinates>
        </LineString>
      </Placemark>
      <Placemark>
        <name>Polyline_003</name>
        <description>Steel- view</description>
        <styleUrl>#line-FF9F7F-1000</styleUrl>
        <LineString>
          <tessellate>1</tessellate>
          <coordinates>
            106.629707,10.821892,5.28
            106.62971,10.821884,5.28
          </coordinates>
        </LineString>
      </Placemark>
      <Placemark>
        <name>Polyline_003</name>
        <description>Steel- view</description>
        <styleUrl>#line-FF9F7F-1000</styleUrl>
        <LineString>
          <tessellate>1</tessellate>
          <coordinates>
            106.62971,10.821884,5.28
            106.629712,10.821877,5.28
          </coordinates>
        </LineString>
      </Placemark>
      <Placemark>
        <name>Polyline_003</name>
        <description>Steel- view</description>
        <styleUrl>#line-FF9F7F-1000</styleUrl>
        <LineString>
          <tessellate>1</tessellate>
          <coordinates>
            106.629712,10.821877,5.28
            106.629715,10.82187,5.28
          </coordinates>
        </LineString>
      </Placemark>
      <Placemark>
        <name>Polyline_003</name>
        <description>Steel- view</description>
        <styleUrl>#line-FF9F7F-1000</styleUrl>
        <LineString>
          <tessellate>1</tessellate>
          <coordinates>
            106.629715,10.82187,5.28
            106.629717,10.821862,5.28
          </coordinates>
        </LineString>
      </Placemark>
      <Placemark>
        <name>Polyline_003</name>
        <description>Steel- view</description>
        <styleUrl>#line-FF9F7F-1000</styleUrl>
        <LineString>
          <tessellate>1</tessellate>
          <coordinates>
            106.629717,10.821862,5.28
            106.62972,10.821854,5.28
          </coordinates>
        </LineString>
      </Placemark>
      <Placemark>
        <name>Polyline_003</name>
        <description>Steel- view</description>
        <styleUrl>#line-FF9F7F-1000</styleUrl>
        <LineString>
          <tessellate>1</tessellate>
          <coordinates>
            106.62972,10.821854,5.28
            106.629722,10.821847,5.28
          </coordinates>
        </LineString>
      </Placemark>
      <Placemark>
        <name>Polyline_003</name>
        <description>Steel- view</description>
        <styleUrl>#line-FF9F7F-1000</styleUrl>
        <LineString>
          <tessellate>1</tessellate>
          <coordinates>
            106.629722,10.821847,5.28
            106.629725,10.821839,5.28
          </coordinates>
        </LineString>
      </Placemark>
      <Placemark>
        <name>Polyline_003</name>
        <description>Steel- view</description>
        <styleUrl>#line-FF9F7F-1000</styleUrl>
        <LineString>
          <tessellate>1</tessellate>
          <coordinates>
            106.629725,10.821839,5.28
            106.629727,10.821831,5.28
          </coordinates>
        </LineString>
      </Placemark>
      <Placemark>
        <name>Polyline_003</name>
        <description>Steel- view</description>
        <styleUrl>#line-FF9F7F-1000</styleUrl>
        <LineString>
          <tessellate>1</tessellate>
          <coordinates>
            106.629727,10.821831,5.28
            106.62973,10.821823,5.28
          </coordinates>
        </LineString>
      </Placemark>
      <Placemark>
        <name>Polyline_003</name>
        <description>Steel- view</description>
        <styleUrl>#line-FF9F7F-1000</styleUrl>
        <LineString>
          <tessellate>1</tessellate>
          <coordinates>
            106.62973,10.821823,5.28
            106.629732,10.821815,5.28
          </coordinates>
        </LineString>
      </Placemark>
      <Placemark>
        <name>Polyline_003</name>
        <description>Steel- view</description>
        <styleUrl>#line-FF9F7F-1000</styleUrl>
        <LineString>
          <tessellate>1</tessellate>
          <coordinates>
            106.629732,10.821815,5.28
            106.629735,10.821807,5.28
          </coordinates>
        </LineString>
      </Placemark>
      <Placemark>
        <name>Polyline_003</name>
        <description>Steel- view</description>
        <styleUrl>#line-FF9F7F-1000</styleUrl>
        <LineString>
          <tessellate>1</tessellate>
          <coordinates>
            106.629735,10.821807,5.28
            106.629737,10.821799,5.28
          </coordinates>
        </LineString>
      </Placemark>
      <Placemark>
        <name>Polyline_003</name>
        <description>Steel- view</description>
        <styleUrl>#line-FF9F7F-1000</styleUrl>
        <LineString>
          <tessellate>1</tessellate>
          <coordinates>
            106.629737,10.821799,5.28
            106.62974,10.82179,5.28
          </coordinates>
        </LineString>
      </Placemark>
      <Placemark>
        <name>Polyline_003</name>
        <description>Steel- view</description>
        <styleUrl>#line-FF9F7F-1000</styleUrl>
        <LineString>
          <tessellate>1</tessellate>
          <coordinates>
            106.62974,10.82179,5.28
            106.629742,10.821782,5.28
          </coordinates>
        </LineString>
      </Placemark>
      <Placemark>
        <name>Polyline_003</name>
        <description>Steel- view</description>
        <styleUrl>#line-FF9F7F-1000</styleUrl>
        <LineString>
          <tessellate>1</tessellate>
          <coordinates>
            106.629742,10.821782,5.28
            106.629745,10.821774,5.28
          </coordinates>
        </LineString>
      </Placemark>
      <Placemark>
        <name>Polyline_003</name>
        <description>Steel- view</description>
        <styleUrl>#line-FF9F7F-1000</styleUrl>
        <LineString>
          <tessellate>1</tessellate>
          <coordinates>
            106.629745,10.821774,5.28
            106.629748,10.821765,5.28
          </coordinates>
        </LineString>
      </Placemark>
      <Placemark>
        <name>Polyline_003</name>
        <description>Steel- view</description>
        <styleUrl>#line-FF9F7F-1000</styleUrl>
        <LineString>
          <tessellate>1</tessellate>
          <coordinates>
            106.629748,10.821765,5.28
            106.62975,10.821757,5.28
          </coordinates>
        </LineString>
      </Placemark>
      <Placemark>
        <name>Polyline_003</name>
        <description>Steel- view</description>
        <styleUrl>#line-FF9F7F-1000</styleUrl>
        <LineString>
          <tessellate>1</tessellate>
          <coordinates>
            106.62975,10.821757,5.28
            106.629753,10.821749,5.28
          </coordinates>
        </LineString>
      </Placemark>
      <Placemark>
        <name>Polyline_003</name>
        <description>Steel- view</description>
        <styleUrl>#line-FF9F7F-1000</styleUrl>
        <LineString>
          <tessellate>1</tessellate>
          <coordinates>
            106.629753,10.821749,5.28
            106.629755,10.82174,5.28
          </coordinates>
        </LineString>
      </Placemark>
      <Placemark>
        <name>Polyline_003</name>
        <description>Steel- view</description>
        <styleUrl>#line-FF9F7F-1000</styleUrl>
        <LineString>
          <tessellate>1</tessellate>
          <coordinates>
            106.629755,10.82174,5.28
            106.631189,10.817059,5.28
          </coordinates>
        </LineString>
      </Placemark>
      <Placemark>
        <name>Polyline_004</name>
        <description>0</description>
        <styleUrl>#line-FFFF00-1000</styleUrl>
        <LineString>
          <tessellate>1</tessellate>
          <coordinates>
            106.631189,10.817059,5.28
            106.631873,10.817264,5.28
          </coordinates>
        </LineString>
      </Placemark>
      <Placemark>
        <name>Polyline_004</name>
        <description>0</description>
        <styleUrl>#line-FFFF00-1000</styleUrl>
        <LineString>
          <tessellate>1</tessellate>
          <coordinates>
            106.631873,10.817264,5.28
            106.632158,10.817349,5.28
          </coordinates>
        </LineString>
      </Placemark>
      <Placemark>
        <name>Investigation Scope for Elevated Section</name>
        <description>0</description>
        <styleUrl>#icon-1899-0288D1</styleUrl>
        <Point>
          <coordinates>
            106.632682,10.821216,0
          </coordinates>
        </Point>
      </Placemark>
      <Placemark>
        <name>Investigation Scope for Underground Section</name>
        <description>0</description>
        <styleUrl>#icon-1899-0288D1</styleUrl>
        <Point>
          <coordinates>
            106.605491,10.815233,0
          </coordinates>
        </Point>
      </Placemark>
      <Placemark>
        <name>Investigation Scope for Underground Section</name>
        <description>0</description>
        <styleUrl>#icon-1899-0288D1</styleUrl>
        <Point>
          <coordinates>
            106.668923,10.790421,0
          </coordinates>
        </Point>
      </Placemark>
      <Placemark>
        <name>Polyline_001</name>
        <description>0</description>
        <styleUrl>#line-FF00FF-1000</styleUrl>
        <LineString>
          <tessellate>1</tessellate>
          <coordinates>
            106.630665,10.822218,5.28
            106.632612,10.82083,5.28
            106.64125,10.820806,5.28
          </coordinates>
        </LineString>
      </Placemark>
      <Placemark>
        <name>Polyline_001</name>
        <description>0</description>
        <styleUrl>#line-FF00FF-1000</styleUrl>
        <LineString>
          <tessellate>1</tessellate>
          <coordinates>
            106.619445,10.818605,5.28
            106.617242,10.816494,5.28
            106.626458,10.816468,5.28
          </coordinates>
        </LineString>
      </Placemark>
      <Placemark>
        <name>Polyline_001</name>
        <description>0</description>
        <styleUrl>#line-FF00FF-1000</styleUrl>
        <LineString>
          <tessellate>1</tessellate>
          <coordinates>
            106.66456,10.787477,5.28
            106.668566,10.78986,5.28
            106.677398,10.789834,5.28
          </coordinates>
        </LineString>
      </Placemark>
      <Placemark>
        <name>Polyline_001</name>
        <description>0</description>
        <styleUrl>#line-FF00FF-1000</styleUrl>
        <LineString>
          <tessellate>1</tessellate>
          <coordinates>
            106.691883,10.772675,5.28
            106.691562,10.772082,5.28
          </coordinates>
        </LineString>
      </Placemark>
      <Placemark>
        <name>Polyline_001</name>
        <description>0</description>
        <styleUrl>#line-FF00FF-1000</styleUrl>
        <LineString>
          <tessellate>1</tessellate>
          <coordinates>
            106.644566,10.797945,5.28
            106.644287,10.797434,5.28
          </coordinates>
        </LineString>
      </Placemark>
      <Placemark>
        <name>Polyline_005</name>
        <description>Axis</description>
        <styleUrl>#line-FF0000-1000</styleUrl>
        <LineString>
          <tessellate>1</tessellate>
          <coordinates>
            106.688883,10.773902,2.64
            106.686457,10.775185,2.64
          </coordinates>
        </LineString>
      </Placemark>
      <Placemark>
        <name>Polyline_006</name>
        <description>Con-view</description>
        <styleUrl>#line-00FF00-1000</styleUrl>
        <LineString>
          <tessellate>1</tessellate>
          <coordinates>
            106.688608,10.773392,2.64
            106.686181,10.774675,2.64
          </coordinates>
        </LineString>
      </Placemark>
      <Placemark>
        <name>Polyline_006</name>
        <description>Con-view</description>
        <styleUrl>#line-00FF00-1000</styleUrl>
        <LineString>
          <tessellate>1</tessellate>
          <coordinates>
            106.689159,10.774412,2.64
            106.686733,10.775695,2.64
          </coordinates>
        </LineString>
      </Placemark>
      <Placemark>
        <name>Polyline_005</name>
        <description>Axis</description>
        <styleUrl>#line-FF0000-1000</styleUrl>
        <LineString>
          <tessellate>1</tessellate>
          <coordinates>
            106.68646,10.775184,2.64
            106.682987,10.777084,2.64
          </coordinates>
        </LineString>
      </Placemark>
      <Placemark>
        <name>Polyline_006</name>
        <description>Con-view</description>
        <styleUrl>#line-00FF00-1000</styleUrl>
        <LineString>
          <tessellate>1</tessellate>
          <coordinates>
            106.686177,10.774677,2.64
            106.682703,10.776578,2.64
          </coordinates>
        </LineString>
      </Placemark>
      <Placemark>
        <name>Polyline_006</name>
        <description>Con-view</description>
        <styleUrl>#line-00FF00-1000</styleUrl>
        <LineString>
          <tessellate>1</tessellate>
          <coordinates>
            106.686743,10.77569,2.64
            106.68327,10.77759,2.64
          </coordinates>
        </LineString>
      </Placemark>
      <Placemark>
        <name>Polyline_005</name>
        <description>Axis</description>
        <styleUrl>#line-FF0000-1000</styleUrl>
        <LineString>
          <tessellate>1</tessellate>
          <coordinates>
            106.680427,10.778451,4.49
            106.674932,10.781398,4.49
          </coordinates>
        </LineString>
      </Placemark>
      <Placemark>
        <name>Polyline_006</name>
        <description>Con-view</description>
        <styleUrl>#line-00FF00-1000</styleUrl>
        <LineString>
          <tessellate>1</tessellate>
          <coordinates>
            106.680148,10.777942,4.49
            106.674653,10.78089,4.49
          </coordinates>
        </LineString>
      </Placemark>
      <Placemark>
        <name>Polyline_006</name>
        <description>Con-view</description>
        <styleUrl>#line-00FF00-1000</styleUrl>
        <LineString>
          <tessellate>1</tessellate>
          <coordinates>
            106.680706,10.77896,4.49
            106.675212,10.781907,4.49
          </coordinates>
        </LineString>
      </Placemark>
      <Placemark>
        <name>Polyline_005</name>
        <description>Axis</description>
        <styleUrl>#line-FF0000-1000</styleUrl>
        <LineString>
          <tessellate>1</tessellate>
          <coordinates>
            106.67238,10.782771,5.28
            106.674932,10.781398,4.49
          </coordinates>
        </LineString>
      </Placemark>
      <Placemark>
        <name>Polyline_005</name>
        <description>Axis</description>
        <styleUrl>#line-FF0000-1000</styleUrl>
        <LineString>
          <tessellate>1</tessellate>
          <coordinates>
            106.67238,10.782771,5.28
            106.666707,10.78579,5.28
            106.664332,10.78706,5.28
            106.661014,10.788833,5.28
            106.658448,10.790176,5.28
            106.655239,10.791863,5.28
          </coordinates>
        </LineString>
      </Placemark>
      <Placemark>
        <name>Polyline_002</name>
        <description>Axis</description>
        <styleUrl>#line-0000FF-4000</styleUrl>
        <LineString>
          <tessellate>1</tessellate>
          <coordinates>
            106.66643,10.785284,5.28
            106.664055,10.786554,5.28
          </coordinates>
        </LineString>
      </Placemark>
      <Placemark>
        <name>Polyline_002</name>
        <description>Axis</description>
        <styleUrl>#line-0000FF-4000</styleUrl>
        <LineString>
          <tessellate>1</tessellate>
          <coordinates>
            106.666984,10.786297,5.28
            106.664609,10.787567,5.28
          </coordinates>
        </LineString>
      </Placemark>
      <Placemark>
        <name>Polyline_006</name>
        <description>Con-view</description>
        <styleUrl>#line-00FF00-1000</styleUrl>
        <LineString>
          <tessellate>1</tessellate>
          <coordinates>
            106.672103,10.782261,5.28
            106.666429,10.785281,5.28
          </coordinates>
        </LineString>
      </Placemark>
      <Placemark>
        <name>Polyline_006</name>
        <description>Con-view</description>
        <styleUrl>#line-00FF00-1000</styleUrl>
        <LineString>
          <tessellate>1</tessellate>
          <coordinates>
            106.664053,10.786551,5.28
            106.660738,10.788323,5.28
          </coordinates>
        </LineString>
      </Placemark>
      <Placemark>
        <name>Polyline_006</name>
        <description>Con-view</description>
        <styleUrl>#line-00FF00-1000</styleUrl>
        <LineString>
          <tessellate>1</tessellate>
          <coordinates>
            106.658174,10.789665,5.28
            106.654964,10.791352,5.28
          </coordinates>
        </LineString>
      </Placemark>
      <Placemark>
        <name>Polyline_006</name>
        <description>Con-view</description>
        <styleUrl>#line-00FF00-1000</styleUrl>
        <LineString>
          <tessellate>1</tessellate>
          <coordinates>
            106.672658,10.78328,5.28
            106.666985,10.786299,5.28
          </coordinates>
        </LineString>
      </Placemark>
      <Placemark>
        <name>Polyline_006</name>
        <description>Con-view</description>
        <styleUrl>#line-00FF00-1000</styleUrl>
        <LineString>
          <tessellate>1</tessellate>
          <coordinates>
            106.66461,10.787569,5.28
            106.66129,10.789343,5.28
            106.661286,10.789346,5.28
          </coordinates>
        </LineString>
      </Placemark>
      <Placemark>
        <name>Polyline_006</name>
        <description>Con-view</description>
        <styleUrl>#line-00FF00-1000</styleUrl>
        <LineString>
          <tessellate>1</tessellate>
          <coordinates>
            106.658722,10.790687,5.28
            106.655514,10.792374,5.28
          </coordinates>
        </LineString>
      </Placemark>
      <Placemark>
        <name>Polyline_005</name>
        <description>Axis</description>
        <styleUrl>#line-FF0000-1000</styleUrl>
        <LineString>
          <tessellate>1</tessellate>
          <coordinates>
            106.65524,10.791863,5.28
            106.654064,10.792502,5.28
            106.652919,10.793116,5.28
            106.65159,10.793851,5.28
          </coordinates>
        </LineString>
      </Placemark>
      <Placemark>
        <name>Polyline_005</name>
        <description>Axis</description>
        <styleUrl>#line-FF0000-1000</styleUrl>
        <LineString>
          <tessellate>1</tessellate>
          <coordinates>
            106.651589,10.793851,5.28
            106.646075,10.796813,5.28
            106.644426,10.79769,5.28
          </coordinates>
        </LineString>
      </Placemark>
      <Placemark>
        <name>Polyline_006</name>
        <description>Con-view</description>
        <styleUrl>#line-00FF00-1000</styleUrl>
        <LineString>
          <tessellate>1</tessellate>
          <coordinates>
            106.65131,10.793342,5.28
            106.645796,10.796304,5.28
            106.644149,10.79718,5.28
          </coordinates>
        </LineString>
      </Placemark>
      <Placemark>
        <name>Polyline_006</name>
        <description>Con-view</description>
        <styleUrl>#line-00FF00-1000</styleUrl>
        <LineString>
          <tessellate>1</tessellate>
          <coordinates>
            106.651869,10.794359,5.28
            106.646353,10.797322,5.28
            106.644703,10.798199,5.28
          </coordinates>
        </LineString>
      </Placemark>
      <Placemark>
        <name>Polyline_005</name>
        <description>Axis</description>
        <styleUrl>#line-FF0000-1000</styleUrl>
        <LineString>
          <tessellate>1</tessellate>
          <coordinates>
            106.644427,10.797689,5.28
            106.643168,10.798363,5.28
            106.642443,10.798751,5.28
            106.641829,10.799083,5.28
            106.640972,10.799527,5.28
            106.639338,10.800397,5.28
            106.63885,10.800659,5.28
            106.637723,10.801266,5.28
            106.637278,10.801523,5.28
            106.636622,10.802117,5.28
            106.636183,10.802849,5.28
            106.635569,10.804792,5.28
            106.63475,10.807466,5.28
            106.634542,10.808139,5.28
            106.634179,10.80932,5.28
            106.633932,10.810039,5.28
            106.633631,10.810835,5.28
            106.633545,10.8111,5.28
            106.63272,10.813785,5.28
            106.631713,10.817216,5.28
            106.630239,10.821886,5.28
            106.63023,10.821919,5.28
            106.630221,10.821952,5.28
            106.630211,10.821984,5.28
            106.6302,10.822017,5.28
            106.63019,10.822049,5.28
            106.630179,10.822081,5.28
            106.630167,10.822114,5.28
            106.630156,10.822146,5.28
            106.630144,10.822177,5.28
            106.630131,10.822209,5.28
            106.630118,10.822241,5.28
            106.630105,10.822272,5.28
            106.630092,10.822304,5.28
            106.630078,10.822335,5.28
            106.630064,10.822366,5.28
            106.630049,10.822397,5.28
            106.630034,10.822427,5.28
            106.630019,10.822458,5.28
            106.630004,10.822488,5.28
            106.629988,10.822519,5.28
            106.629972,10.822549,5.28
            106.629955,10.822579,5.28
            106.629938,10.822608,5.28
            106.629921,10.822638,5.28
            106.629904,10.822667,5.28
            106.629886,10.822696,5.28
            106.629868,10.822725,5.28
            106.629849,10.822754,5.28
            106.62983,10.822783,5.28
            106.629811,10.822811,5.28
            106.629792,10.822839,5.28
            106.629772,10.822867,5.28
            106.629752,10.822895,5.28
            106.629732,10.822922,5.28
            106.629711,10.822949,5.28
            106.62969,10.822976,5.28
            106.629669,10.823003,5.28
            106.629648,10.82303,5.28
            106.629626,10.823056,5.28
            106.629604,10.823082,5.28
            106.629581,10.823108,5.28
            106.629559,10.823134,5.28
            106.629536,10.823159,5.28
            106.629513,10.823184,5.28
            106.629489,10.823209,5.28
            106.629465,10.823234,5.28
            106.629441,10.823258,5.28
            106.629417,10.823282,5.28
          </coordinates>
        </LineString>
      </Placemark>
      <Placemark>
        <name>Polyline_002</name>
        <description>Axis</description>
        <styleUrl>#line-0000FF-4000</styleUrl>
        <LineString>
          <tessellate>1</tessellate>
          <coordinates>
            106.644152,10.797187,5.28
            106.642893,10.79786,5.28
            106.642167,10.798249,5.28
            106.641555,10.79858,5.28
          </coordinates>
        </LineString>
      </Placemark>
      <Placemark>
        <name>Polyline_002</name>
        <description>Axis</description>
        <styleUrl>#line-0000FF-4000</styleUrl>
        <LineString>
          <tessellate>1</tessellate>
          <coordinates>
            106.644702,10.798192,5.28
            106.643442,10.798865,5.28
            106.643432,10.798871,5.28
          </coordinates>
        </LineString>
      </Placemark>
      <Placemark>
        <name>Polyline_002</name>
        <description>Axis</description>
        <styleUrl>#line-0000FF-4000</styleUrl>
        <LineString>
          <tessellate>1</tessellate>
          <coordinates>
            106.64272,10.799252,5.28
            106.642105,10.799585,5.28
          </coordinates>
        </LineString>
      </Placemark>
      <Placemark>
        <name>Polyline_005</name>
        <description>Axis</description>
        <styleUrl>#line-FF0000-1000</styleUrl>
        <LineString>
          <tessellate>1</tessellate>
          <coordinates>
            106.635446,10.804754,5.28
            106.634627,10.807429,5.28
          </coordinates>
        </LineString>
      </Placemark>
      <Placemark>
        <name>Polyline_002</name>
        <description>Axis</description>
        <styleUrl>#line-0000FF-4000</styleUrl>
        <LineString>
          <tessellate>1</tessellate>
          <coordinates>
            106.635009,10.804623,5.28
            106.63419,10.807298,5.28
          </coordinates>
        </LineString>
      </Placemark>
      <Placemark>
        <name>Polyline_005</name>
        <description>Axis</description>
        <styleUrl>#line-FF0000-1000</styleUrl>
        <LineString>
          <tessellate>1</tessellate>
          <coordinates>
            106.635691,10.804828,5.28
            106.635691,10.804829,5.28
            106.634872,10.807502,5.28
          </coordinates>
        </LineString>
      </Placemark>
      <Placemark>
        <name>Polyline_002</name>
        <description>Axis</description>
        <styleUrl>#line-0000FF-4000</styleUrl>
        <LineString>
          <tessellate>1</tessellate>
          <coordinates>
            106.636128,10.804961,5.28
            106.63531,10.807634,5.28
          </coordinates>
        </LineString>
      </Placemark>
      <Placemark>
        <name>Polyline_005</name>
        <description>Axis</description>
        <styleUrl>#line-FF0000-1000</styleUrl>
        <LineString>
          <tessellate>1</tessellate>
          <coordinates>
            106.633425,10.811063,5.28
            106.633425,10.811064,5.28
          </coordinates>
        </LineString>
      </Placemark>
      <Placemark>
        <name>Polyline_005</name>
        <description>Axis</description>
        <styleUrl>#line-FF0000-1000</styleUrl>
        <LineString>
          <tessellate>1</tessellate>
          <coordinates>
            106.6326,10.81375,5.28
            106.631593,10.81718,5.28
            106.630119,10.821851,5.28
            106.63011,10.821883,5.28
            106.630101,10.821914,5.28
            106.630092,10.821946,5.28
            106.630082,10.821977,5.28
            106.630071,10.822008,5.28
            106.630061,10.822039,5.28
            106.63005,10.82207,5.28
            106.630039,10.822101,5.28
            106.630027,10.822132,5.28
            106.630015,10.822162,5.28
            106.630003,10.822193,5.28
            106.62999,10.822223,5.28
            106.629977,10.822253,5.28
            106.629964,10.822283,5.28
            106.629951,10.822313,5.28
            106.629937,10.822343,5.28
            106.629922,10.822372,5.28
            106.629908,10.822402,5.28
            106.629893,10.822431,5.28
            106.629878,10.82246,5.28
            106.629862,10.822489,5.28
            106.629846,10.822518,5.28
            106.62983,10.822546,5.28
            106.629813,10.822575,5.28
            106.629797,10.822603,5.28
            106.62978,10.822631,5.28
            106.629762,10.822659,5.28
            106.629744,10.822686,5.28
            106.629726,10.822714,5.28
            106.629708,10.822741,5.28
            106.629689,10.822768,5.28
            106.62967,10.822795,5.28
            106.629651,10.822822,5.28
            106.629632,10.822848,5.28
            106.629612,10.822874,5.28
            106.629592,10.8229,5.28
            106.629571,10.822926,5.28
            106.629551,10.822952,5.28
            106.62953,10.822977,5.28
            106.629508,10.823002,5.28
            106.629487,10.823027,5.28
            106.629465,10.823052,5.28
            106.629443,10.823076,5.28
            106.629421,10.8231,5.28
            106.629398,10.823124,5.28
            106.629375,10.823148,5.28
            106.629352,10.823171,5.28
            106.629329,10.823194,5.28
          </coordinates>
        </LineString>
      </Placemark>
      <Placemark>
        <name>Polyline_002</name>
        <description>Axis</description>
        <styleUrl>#line-0000FF-4000</styleUrl>
        <LineString>
          <tessellate>1</tessellate>
          <coordinates>
            106.632988,10.810932,5.28
            106.632162,10.813621,5.28
          </coordinates>
        </LineString>
      </Placemark>
      <Placemark>
        <name>Polyline_005</name>
        <description>Axis</description>
        <styleUrl>#line-FF0000-1000</styleUrl>
        <LineString>
          <tessellate>1</tessellate>
          <coordinates>
            106.631155,10.81705,5.28
            106.62968,10.821725,5.28
            106.629673,10.821752,5.28
            106.629665,10.821779,5.28
            106.629657,10.821806,5.28
            106.629648,10.821833,5.28
            106.62964,10.821859,5.28
            106.629631,10.821886,5.28
            106.629621,10.821912,5.28
            106.629612,10.821939,5.28
            106.629602,10.821965,5.28
            106.629592,10.821991,5.28
            106.629582,10.822017,5.28
            106.629571,10.822043,5.28
            106.62956,10.822069,5.28
            106.629549,10.822094,5.28
            106.629537,10.82212,5.28
            106.629525,10.822145,5.28
            106.629513,10.822171,5.28
            106.629501,10.822196,5.28
            106.629488,10.822221,5.28
            106.629475,10.822246,5.28
            106.629462,10.82227,5.28
            106.629448,10.822295,5.28
            106.629434,10.822319,5.28
            106.62942,10.822344,5.28
            106.629406,10.822368,5.28
            106.629391,10.822392,5.28
            106.629377,10.822416,5.28
            106.629361,10.822439,5.28
            106.629346,10.822463,5.28
            106.62933,10.822486,5.28
            106.629315,10.822509,5.28
            106.629298,10.822532,5.28
            106.629282,10.822555,5.28
            106.629265,10.822577,5.28
            106.629248,10.8226,5.28
            106.629231,10.822622,5.28
            106.629214,10.822644,5.28
            106.629196,10.822666,5.28
            106.629178,10.822688,5.28
            106.62916,10.822709,5.28
            106.629142,10.82273,5.28
            106.629123,10.822752,5.28
            106.629104,10.822772,5.28
            106.629085,10.822793,5.28
            106.629066,10.822814,5.28
            106.629046,10.822834,5.28
            106.629027,10.822854,5.28
            106.629007,10.822874,5.28
          </coordinates>
        </LineString>
      </Placemark>
      <Placemark>
        <name>Polyline_005</name>
        <description>Axis</description>
        <styleUrl>#line-FF0000-1000</styleUrl>
        <LineString>
          <tessellate>1</tessellate>
          <coordinates>
            106.633665,10.811137,5.28
            106.633664,10.811137,5.28
          </coordinates>
        </LineString>
      </Placemark>
      <Placemark>
        <name>Polyline_005</name>
        <description>Axis</description>
        <styleUrl>#line-FF0000-1000</styleUrl>
        <LineString>
          <tessellate>1</tessellate>
          <coordinates>
            106.63284,10.81382,5.28
            106.631833,10.817252,5.28
            106.63036,10.821921,5.28
            106.63035,10.821955,5.28
            106.63034,10.821989,5.28
            106.63033,10.822023,5.28
            106.630319,10.822056,5.28
            106.630308,10.82209,5.28
            106.630297,10.822124,5.28
            106.630285,10.822157,5.28
            106.630273,10.82219,5.28
            106.63026,10.822223,5.28
            106.630247,10.822256,5.28
            106.630234,10.822289,5.28
            106.63022,10.822322,5.28
            106.630206,10.822354,5.28
            106.630192,10.822387,5.28
            106.630177,10.822419,5.28
            106.630162,10.822451,5.28
            106.630147,10.822483,5.28
            106.630131,10.822515,5.28
            106.630115,10.822546,5.28
            106.630098,10.822577,5.28
            106.630081,10.822609,5.28
            106.630064,10.82264,5.28
            106.630047,10.822671,5.28
            106.630029,10.822701,5.28
            106.630011,10.822732,5.28
            106.629992,10.822762,5.28
            106.629973,10.822792,5.28
            106.629954,10.822822,5.28
            106.629935,10.822851,5.28
            106.629915,10.822881,5.28
            106.629895,10.82291,5.28
            106.629874,10.822939,5.28
            106.629853,10.822968,5.28
            106.629832,10.822996,5.28
            106.629811,10.823025,5.28
            106.629789,10.823053,5.28
            106.629767,10.823081,5.28
            106.629745,10.823108,5.28
            106.629722,10.823136,5.28
            106.629699,10.823163,5.28
            106.629676,10.823189,5.28
            106.629652,10.823216,5.28
            106.629629,10.823242,5.28
            106.629604,10.823269,5.28
            106.62958,10.823294,5.28
            106.629555,10.82332,5.28
            106.62953,10.823345,5.28
            106.629505,10.82337,5.28
          </coordinates>
        </LineString>
      </Placemark>
      <Placemark>
        <name>Polyline_002</name>
        <description>Axis</description>
        <styleUrl>#line-0000FF-4000</styleUrl>
        <LineString>
          <tessellate>1</tessellate>
          <coordinates>
            106.634102,10.811268,5.28
            106.634101,10.811272,5.28
            106.633278,10.813949,5.28
            106.633277,10.813955,5.28
          </coordinates>
        </LineString>
      </Placemark>
      <Placemark>
        <name>Polyline_005</name>
        <description>Axis</description>
        <styleUrl>#line-FF0000-1000</styleUrl>
        <LineString>
          <tessellate>1</tessellate>
          <coordinates>
            106.632271,10.817382,5.28
            106.630799,10.822048,5.28
            106.630788,10.822087,5.28
            106.630776,10.822125,5.28
            106.630764,10.822163,5.28
            106.630752,10.822202,5.28
            106.63074,10.82224,5.28
            106.630726,10.822278,5.28
            106.630713,10.822316,5.28
            106.630699,10.822353,5.28
            106.630685,10.822391,5.28
            106.63067,10.822428,5.28
            106.630655,10.822465,5.28
            106.630639,10.822502,5.28
            106.630623,10.822539,5.28
            106.630607,10.822576,5.28
            106.63059,10.822612,5.28
            106.630573,10.822649,5.28
            106.630556,10.822685,5.28
            106.630538,10.822721,5.28
            106.630519,10.822757,5.28
            106.630501,10.822792,5.28
            106.630481,10.822828,5.28
            106.630462,10.822863,5.28
            106.630442,10.822898,5.28
            106.630422,10.822932,5.28
            106.630401,10.822967,5.28
            106.63038,10.823001,5.28
            106.630359,10.823035,5.28
            106.630337,10.823069,5.28
            106.630315,10.823103,5.28
            106.630292,10.823136,5.28
            106.630269,10.823169,5.28
            106.630246,10.823202,5.28
            106.630222,10.823235,5.28
            106.630198,10.823267,5.28
            106.630174,10.823299,5.28
            106.630149,10.823331,5.28
            106.630124,10.823363,5.28
            106.630099,10.823394,5.28
            106.630073,10.823425,5.28
            106.630047,10.823456,5.28
            106.630021,10.823486,5.28
            106.629994,10.823516,5.28
            106.629967,10.823546,5.28
            106.62994,10.823576,5.28
            106.629912,10.823605,5.28
            106.629884,10.823634,5.28
            106.629856,10.823663,5.28
            106.629827,10.823691,5.28
          </coordinates>
        </LineString>
      </Placemark>
      <Placemark>
        <name>Polyline_005</name>
        <description>Axis</description>
        <styleUrl>#line-FF0000-1000</styleUrl>
        <LineString>
          <tessellate>1</tessellate>
          <coordinates>
            106.644148,10.79718,5.28
          </coordinates>
        </LineString>
      </Placemark>
      <Placemark>
        <name>Polyline_006</name>
        <description>Con-view</description>
        <styleUrl>#line-00FF00-1000</styleUrl>
        <LineString>
          <tessellate>1</tessellate>
          <coordinates>
            106.641552,10.798573,5.28
            106.640697,10.799017,5.28
            106.63906,10.799888,5.28
            106.638571,10.80015,5.28
            106.637435,10.800762,5.28
            106.636929,10.801055,5.28
            106.636163,10.801748,5.28
            106.635645,10.802612,5.28
            106.635009,10.804621,5.28
            106.635009,10.804624,5.28
          </coordinates>
        </LineString>
      </Placemark>
      <Placemark>
        <name>Polyline_006</name>
        <description>Con-view</description>
        <styleUrl>#line-00FF00-1000</styleUrl>
        <LineString>
          <tessellate>1</tessellate>
          <coordinates>
            106.63419,10.807298,5.28
            106.633982,10.80797,5.28
            106.633621,10.809143,5.28
            106.633381,10.809845,5.28
            106.633078,10.810645,5.28
            106.632986,10.810928,5.28
            106.632985,10.810933,5.28
          </coordinates>
        </LineString>
      </Placemark>
      <Placemark>
        <name>Polyline_006</name>
        <description>Con-view</description>
        <styleUrl>#line-00FF00-1000</styleUrl>
        <LineString>
          <tessellate>1</tessellate>
          <coordinates>
            106.642108,10.799592,5.28
            106.642105,10.799593,5.28
            106.641247,10.800038,5.28
            106.639616,10.800907,5.28
            106.639129,10.801167,5.28
            106.638011,10.80177,5.28
            106.637627,10.801992,5.28
            106.637081,10.802486,5.28
            106.636721,10.803086,5.28
            106.636128,10.804962,5.28
          </coordinates>
        </LineString>
      </Placemark>
      <Placemark>
        <name>Polyline_006</name>
        <description>Con-view</description>
        <styleUrl>#line-00FF00-1000</styleUrl>
        <LineString>
          <tessellate>1</tessellate>
          <coordinates>
            106.63531,10.807634,5.28
            106.635102,10.808307,5.28
            106.634736,10.809497,5.28
            106.634483,10.810234,5.28
            106.634184,10.811025,5.28
            106.634103,10.811273,5.28
          </coordinates>
        </LineString>
      </Placemark>
      <Placemark>
        <name>Polyline_006</name>
        <description>Con-view</description>
        <styleUrl>#line-00FF00-1000</styleUrl>
        <LineString>
          <tessellate>1</tessellate>
          <coordinates>
            106.632274,10.817383,5.28
            106.632272,10.817387,5.28
          </coordinates>
        </LineString>
      </Placemark>
      <Placemark>
        <name>Polyline_005</name>
        <description>Axis</description>
        <styleUrl>#line-FF0000-1000</styleUrl>
        <LineString>
          <tessellate>1</tessellate>
          <coordinates>
            106.644209,10.797292,5.28
          </coordinates>
        </LineString>
      </Placemark>
      <Placemark>
        <name>Polyline_005</name>
        <description>Axis</description>
        <styleUrl>#line-FF0000-1000</styleUrl>
        <LineString>
          <tessellate>1</tessellate>
          <coordinates>
            106.644209,10.797292,5.28
          </coordinates>
        </LineString>
      </Placemark>
      <Placemark>
        <name>Polyline_005</name>
        <description>Axis</description>
        <styleUrl>#line-FF0000-1000</styleUrl>
        <LineString>
          <tessellate>1</tessellate>
          <coordinates>
            106.629416,10.823281,5.28
            106.628737,10.82391,5.28
          </coordinates>
        </LineString>
      </Placemark>
      <Placemark>
        <name>Polyline_005</name>
        <description>Axis</description>
        <styleUrl>#line-FF0000-1000</styleUrl>
        <LineString>
          <tessellate>1</tessellate>
          <coordinates>
            106.628737,10.82391,5.28
            106.628643,10.823989,5.28
          </coordinates>
        </LineString>
      </Placemark>
      <Placemark>
        <name>Polyline_005</name>
        <description>Axis</description>
        <styleUrl>#line-FF0000-1000</styleUrl>
        <LineString>
          <tessellate>1</tessellate>
          <coordinates>
            106.628643,10.823989,5.28
            106.628604,10.824019,5.28
            106.628563,10.824048,5.28
            106.628521,10.824076,5.28
            106.628479,10.824102,5.28
            106.628436,10.824127,5.28
            106.628391,10.82415,5.28
            106.628346,10.824172,5.28
            106.628301,10.824192,5.28
            106.628255,10.824211,5.28
            106.628208,10.824228,5.28
            106.62816,10.824244,5.28
            106.628112,10.824258,5.28
            106.628064,10.824271,5.28
            106.628015,10.824282,5.28
            106.627966,10.824292,5.28
            106.627916,10.824299,5.28
            106.627867,10.824306,5.28
            106.627817,10.82431,5.28
            106.627767,10.824313,5.28
            106.627717,10.824315,5.28
            106.627667,10.824314,5.28
            106.627617,10.824312,5.28
            106.627567,10.824309,5.28
            106.627517,10.824304,5.28
            106.627468,10.824297,5.28
            106.627418,10.824288,5.28
            106.627369,10.824278,5.28
            106.627321,10.824267,5.28
            106.627272,10.824254,5.28
            106.627224,10.824239,5.28
            106.627177,10.824223,5.28
            106.627131,10.824205,5.28
            106.627084,10.824185,5.28
            106.627039,10.824164,5.28
            106.626994,10.824142,5.28
            106.626951,10.824118,5.28
            106.626907,10.824093,5.28
            106.626865,10.824066,5.28
            106.626824,10.824038,5.28
            106.626784,10.824009,5.28
            106.626744,10.823978,5.28
            106.626706,10.823947,5.28
            106.626669,10.823913,5.28
            106.626633,10.823879,5.28
            106.626598,10.823844,5.28
            106.626564,10.823807,5.28
            106.626532,10.823769,5.28
            106.6265,10.823731,5.28
          </coordinates>
        </LineString>
      </Placemark>
      <Placemark>
        <name>Polyline_005</name>
        <description>Axis</description>
        <styleUrl>#line-FF0000-1000</styleUrl>
        <LineString>
          <tessellate>1</tessellate>
          <coordinates>
            106.6265,10.823731,5.28
            106.625209,10.822029,5.28
          </coordinates>
        </LineString>
      </Placemark>
      <Placemark>
        <name>Polyline_005</name>
        <description>Axis</description>
        <styleUrl>#line-FF0000-1000</styleUrl>
        <LineString>
          <tessellate>1</tessellate>
          <coordinates>
            106.625209,10.822029,5.28
            106.62495,10.821705,5.28
          </coordinates>
        </LineString>
      </Placemark>
      <Placemark>
        <name>Polyline_005</name>
        <description>Axis</description>
        <styleUrl>#line-FF0000-1000</styleUrl>
        <LineString>
          <tessellate>1</tessellate>
          <coordinates>
            106.62495,10.821705,5.28
            106.623949,10.820517,5.28
          </coordinates>
        </LineString>
      </Placemark>
      <Placemark>
        <name>Polyline_005</name>
        <description>Axis</description>
        <styleUrl>#line-FF0000-1000</styleUrl>
        <LineString>
          <tessellate>1</tessellate>
          <coordinates>
            106.621665,10.819197,5.28
            106.621697,10.819209,5.28
            106.62173,10.81922,5.28
            106.621762,10.819232,5.28
            106.621794,10.819244,5.28
            106.621827,10.819256,5.28
            106.621859,10.819268,5.28
            106.621891,10.81928,5.28
            106.621924,10.819292,5.28
            106.621956,10.819304,5.28
            106.621988,10.819316,5.28
            106.622021,10.819328,5.28
            106.622053,10.81934,5.28
            106.622085,10.819352,5.28
            106.622117,10.819365,5.28
            106.62215,10.819377,5.28
            106.622182,10.819389,5.28
            106.622214,10.819401,5.28
            106.622246,10.819414,5.28
            106.622278,10.819426,5.28
            106.622311,10.819438,5.28
            106.622343,10.819451,5.28
            106.622375,10.819463,5.28
            106.622407,10.819476,5.28
            106.622439,10.819488,5.28
            106.622471,10.819501,5.28
            106.622503,10.819513,5.28
            106.622535,10.819526,5.28
            106.622567,10.819539,5.28
            106.622599,10.819551,5.28
            106.622631,10.819564,5.28
            106.622663,10.819577,5.28
            106.622695,10.81959,5.28
            106.622727,10.819602,5.28
            106.622759,10.819615,5.28
            106.622791,10.819628,5.28
            106.622823,10.819641,5.28
            106.622855,10.819654,5.28
            106.622887,10.819667,5.28
            106.622919,10.81968,5.28
            106.622951,10.819693,5.28
            106.622983,10.819706,5.28
            106.623015,10.819719,5.28
            106.623047,10.819732,5.28
            106.623079,10.819745,5.28
            106.62311,10.819759,5.28
            106.623142,10.819772,5.28
            106.623174,10.819785,5.28
            106.623206,10.819798,5.28
          </coordinates>
        </LineString>
      </Placemark>
      <Placemark>
        <name>Polyline_006</name>
        <description>Con-view</description>
        <styleUrl>#line-00FF00-1000</styleUrl>
        <LineString>
          <tessellate>1</tessellate>
          <coordinates>
            106.621837,10.818643,5.28
            106.621874,10.818656,5.28
            106.621911,10.81867,5.28
            106.621948,10.818683,5.28
            106.621985,10.818697,5.28
            106.622022,10.818711,5.28
            106.622059,10.818724,5.28
            106.622096,10.818738,5.28
            106.622133,10.818752,5.28
            106.62217,10.818765,5.28
            106.622207,10.818779,5.28
            106.622244,10.818793,5.28
            106.622281,10.818807,5.28
            106.622317,10.818821,5.28
            106.622354,10.818835,5.28
            106.622391,10.818849,5.28
            106.622428,10.818863,5.28
            106.622464,10.818877,5.28
            106.622501,10.818891,5.28
            106.622538,10.818905,5.28
            106.622575,10.818919,5.28
            106.622611,10.818933,5.28
            106.622648,10.818948,5.28
            106.622685,10.818962,5.28
            106.622721,10.818976,5.28
            106.622758,10.818991,5.28
            106.622795,10.819005,5.28
            106.622831,10.81902,5.28
            106.622868,10.819034,5.28
            106.622904,10.819049,5.28
            106.622941,10.819064,5.28
            106.622977,10.819078,5.28
            106.623014,10.819093,5.28
            106.62305,10.819108,5.28
            106.623087,10.819122,5.28
            106.623123,10.819137,5.28
            106.62316,10.819152,5.28
            106.623196,10.819167,5.28
            106.623232,10.819182,5.28
            106.623269,10.819197,5.28
            106.623305,10.819212,5.28
            106.623342,10.819227,5.28
            106.623378,10.819242,5.28
            106.623414,10.819257,5.28
            106.623451,10.819273,5.28
            106.623487,10.819288,5.28
            106.623523,10.819303,5.28
            106.623559,10.819318,5.28
            106.623596,10.819334,5.28
          </coordinates>
        </LineString>
      </Placemark>
      <Placemark>
        <name>Polyline_006</name>
        <description>Con-view</description>
        <styleUrl>#line-00FF00-1000</styleUrl>
        <LineString>
          <tessellate>1</tessellate>
          <coordinates>
            106.621463,10.81974,5.28
            106.621492,10.81975,5.28
            106.62152,10.819761,5.28
            106.621548,10.819771,5.28
            106.621577,10.819781,5.28
            106.621605,10.819792,5.28
            106.621634,10.819802,5.28
            106.621662,10.819813,5.28
            106.62169,10.819823,5.28
            106.621719,10.819834,5.28
            106.621747,10.819844,5.28
            106.621775,10.819855,5.28
            106.621803,10.819865,5.28
            106.621832,10.819876,5.28
            106.62186,10.819887,5.28
            106.621888,10.819897,5.28
            106.621917,10.819908,5.28
            106.621945,10.819919,5.28
            106.621973,10.81993,5.28
            106.622001,10.81994,5.28
            106.622029,10.819951,5.28
            106.622058,10.819962,5.28
            106.622086,10.819973,5.28
            106.622114,10.819984,5.28
            106.622142,10.819995,5.28
            106.62217,10.820005,5.28
            106.622199,10.820016,5.28
            106.622227,10.820027,5.28
            106.622255,10.820038,5.28
            106.622283,10.820049,5.28
            106.622311,10.820061,5.28
            106.622339,10.820072,5.28
            106.622367,10.820083,5.28
            106.622395,10.820094,5.28
            106.622423,10.820105,5.28
            106.622452,10.820116,5.28
            106.62248,10.820127,5.28
            106.622508,10.820139,5.28
            106.622536,10.82015,5.28
            106.622564,10.820161,5.28
            106.622592,10.820172,5.28
            106.62262,10.820184,5.28
            106.622648,10.820195,5.28
            106.622676,10.820207,5.28
            106.622704,10.820218,5.28
            106.622732,10.820229,5.28
            106.62276,10.820241,5.28
            106.622787,10.820252,5.28
            106.622815,10.820264,5.28
          </coordinates>
        </LineString>
      </Placemark>
      <Placemark>
        <name>Polyline_005</name>
        <description>Axis</description>
        <styleUrl>#line-FF0000-1000</styleUrl>
        <LineString>
          <tessellate>1</tessellate>
          <coordinates>
            106.621665,10.819197,5.28
            106.620193,10.81883,5.28
          </coordinates>
        </LineString>
      </Placemark>
      <Placemark>
        <name>Polyline_006</name>
        <description>Con-view</description>
        <styleUrl>#line-00FF00-1000</styleUrl>
        <LineString>
          <tessellate>1</tessellate>
          <coordinates>
            106.621837,10.818643,5.28
            106.6202,10.818235,5.28
          </coordinates>
        </LineString>
      </Placemark>
      <Placemark>
        <name>Polyline_006</name>
        <description>Con-view</description>
        <styleUrl>#line-00FF00-1000</styleUrl>
        <LineString>
          <tessellate>1</tessellate>
          <coordinates>
            106.621522,10.819758,5.28
            106.620187,10.819425,5.28
          </coordinates>
        </LineString>
      </Placemark>
      <Placemark>
        <name>Polyline_005</name>
        <description>Axis</description>
        <styleUrl>#line-FF0000-1000</styleUrl>
        <LineString>
          <tessellate>1</tessellate>
          <coordinates>
            106.620193,10.81883,5.28
            106.619299,10.819034,5.28
          </coordinates>
        </LineString>
      </Placemark>
      <Placemark>
        <name>Polyline_006</name>
        <description>Con-view</description>
        <styleUrl>#line-00FF00-1000</styleUrl>
        <LineString>
          <tessellate>1</tessellate>
          <coordinates>
            106.6202,10.818235,5.28
            106.619067,10.818493,5.28
          </coordinates>
        </LineString>
      </Placemark>
      <Placemark>
        <name>Polyline_006</name>
        <description>Con-view</description>
        <styleUrl>#line-00FF00-1000</styleUrl>
        <LineString>
          <tessellate>1</tessellate>
          <coordinates>
            106.620187,10.819425,5.28
            106.61953,10.819575,5.28
          </coordinates>
        </LineString>
      </Placemark>
      <Placemark>
        <name>Polyline_005</name>
        <description>Axis</description>
        <styleUrl>#line-FF0000-1000</styleUrl>
        <LineString>
          <tessellate>1</tessellate>
          <coordinates>
            106.619299,10.819034,5.28
            106.618683,10.819428,5.28
          </coordinates>
        </LineString>
      </Placemark>
      <Placemark>
        <name>Polyline_006</name>
        <description>Con-view</description>
        <styleUrl>#line-00FF00-1000</styleUrl>
        <LineString>
          <tessellate>1</tessellate>
          <coordinates>
            106.619067,10.818493,5.28
            106.618365,10.818943,5.28
          </coordinates>
        </LineString>
      </Placemark>
      <Placemark>
        <name>Polyline_006</name>
        <description>Con-view</description>
        <styleUrl>#line-00FF00-1000</styleUrl>
        <LineString>
          <tessellate>1</tessellate>
          <coordinates>
            106.61953,10.819575,5.28
            106.618987,10.819923,5.28
          </coordinates>
        </LineString>
      </Placemark>
      <Placemark>
        <name>Polyline_005</name>
        <description>Axis</description>
        <styleUrl>#line-FF0000-1000</styleUrl>
        <LineString>
          <tessellate>1</tessellate>
          <coordinates>
            106.618683,10.819428,5.28
            106.617962,10.819862,5.28
          </coordinates>
        </LineString>
      </Placemark>
      <Placemark>
        <name>Polyline_006</name>
        <description>Con-view</description>
        <styleUrl>#line-00FF00-1000</styleUrl>
        <LineString>
          <tessellate>1</tessellate>
          <coordinates>
            106.618379,10.818934,5.28
            106.617739,10.819318,5.28
          </coordinates>
        </LineString>
      </Placemark>
      <Placemark>
        <name>Polyline_006</name>
        <description>Con-view</description>
        <styleUrl>#line-00FF00-1000</styleUrl>
        <LineString>
          <tessellate>1</tessellate>
          <coordinates>
            106.618987,10.819923,5.28
            106.618091,10.820426,5.28
          </coordinates>
        </LineString>
      </Placemark>
      <Placemark>
        <name>Polyline_005</name>
        <description>Axis</description>
        <styleUrl>#line-FF0000-1000</styleUrl>
        <LineString>
          <tessellate>1</tessellate>
          <coordinates>
            106.617962,10.819862,5.28
            106.617211,10.82003,5.28
          </coordinates>
        </LineString>
      </Placemark>
      <Placemark>
        <name>Polyline_006</name>
        <description>Con-view</description>
        <styleUrl>#line-00FF00-1000</styleUrl>
        <LineString>
          <tessellate>1</tessellate>
          <coordinates>
            106.617739,10.819318,5.28
            106.617184,10.819443,5.28
          </coordinates>
        </LineString>
      </Placemark>
      <Placemark>
        <name>Polyline_006</name>
        <description>Con-view</description>
        <styleUrl>#line-00FF00-1000</styleUrl>
        <LineString>
          <tessellate>1</tessellate>
          <coordinates>
            106.618091,10.820426,5.28
            106.617239,10.820617,5.28
          </coordinates>
        </LineString>
      </Placemark>
      <Placemark>
        <name>Polyline_005</name>
        <description>Axis</description>
        <styleUrl>#line-FF0000-1000</styleUrl>
        <LineString>
          <tessellate>1</tessellate>
          <coordinates>
            106.617211,10.82003,5.28
            106.616455,10.819931,5.28
          </coordinates>
        </LineString>
      </Placemark>
      <Placemark>
        <name>Polyline_006</name>
        <description>Con-view</description>
        <styleUrl>#line-00FF00-1000</styleUrl>
        <LineString>
          <tessellate>1</tessellate>
          <coordinates>
            106.617184,10.819443,5.28
            106.616622,10.819369,5.28
          </coordinates>
        </LineString>
      </Placemark>
      <Placemark>
        <name>Polyline_006</name>
        <description>Con-view</description>
        <styleUrl>#line-00FF00-1000</styleUrl>
        <LineString>
          <tessellate>1</tessellate>
          <coordinates>
            106.617239,10.820617,5.28
            106.616288,10.820493,5.28
          </coordinates>
        </LineString>
      </Placemark>
      <Placemark>
        <name>Polyline_005</name>
        <description>Axis</description>
        <styleUrl>#line-FF0000-1000</styleUrl>
        <LineString>
          <tessellate>1</tessellate>
          <coordinates>
            106.616455,10.819931,5.28
            106.615602,10.819534,5.28
          </coordinates>
        </LineString>
      </Placemark>
      <Placemark>
        <name>Polyline_006</name>
        <description>Con-view</description>
        <styleUrl>#line-00FF00-1000</styleUrl>
        <LineString>
          <tessellate>1</tessellate>
          <coordinates>
            106.616622,10.819369,5.28
            106.615852,10.81901,5.28
          </coordinates>
        </LineString>
      </Placemark>
      <Placemark>
        <name>Polyline_006</name>
        <description>Con-view</description>
        <styleUrl>#line-00FF00-1000</styleUrl>
        <LineString>
          <tessellate>1</tessellate>
          <coordinates>
            106.616288,10.820493,5.28
            106.615352,10.820057,5.28
          </coordinates>
        </LineString>
      </Placemark>
      <Placemark>
        <name>Polyline_005</name>
        <description>Axis</description>
        <styleUrl>#line-FF0000-1000</styleUrl>
        <LineString>
          <tessellate>1</tessellate>
          <coordinates>
            106.691723,10.772379,5.28
            106.693387,10.771473,5.28
            106.693731,10.771352,5.28
            106.693837,10.771332,5.28
            106.699784,10.77109,5.28
          </coordinates>
        </LineString>
      </Placemark>
      <Placemark>
        <name>Polyline_006</name>
        <description>Con-view</description>
        <styleUrl>#line-00FF00-1000</styleUrl>
        <LineString>
          <tessellate>1</tessellate>
          <coordinates>
            106.69144,10.771872,5.28
            106.693147,10.770943,5.28
            106.693578,10.770792,5.28
            106.69377,10.770756,5.28
            106.693796,10.770755,5.28
          </coordinates>
        </LineString>
      </Placemark>
      <Placemark>
        <name>Polyline_006</name>
        <description>Con-view</description>
        <styleUrl>#line-00FF00-1000</styleUrl>
        <LineString>
          <tessellate>1</tessellate>
          <coordinates>
            106.692005,10.772886,5.28
            106.693628,10.772003,5.28
            106.693878,10.771915,5.28
          </coordinates>
        </LineString>
      </Placemark>
      <Placemark>
        <name>Polyline_005</name>
        <description>Axis</description>
        <styleUrl>#line-FF0000-1000</styleUrl>
        <LineString>
          <tessellate>1</tessellate>
          <coordinates>
            106.691723,10.772379,5.28
            106.688883,10.773902,2.64
          </coordinates>
        </LineString>
      </Placemark>
      <Placemark>
        <name>Polyline_005</name>
        <description>Axis</description>
        <styleUrl>#line-FF0000-1000</styleUrl>
        <LineString>
          <tessellate>1</tessellate>
          <coordinates>
            106.682987,10.777084,2.64
            106.680427,10.778451,4.49
          </coordinates>
        </LineString>
      </Placemark>
      <Placemark>
        <name>Polyline_005</name>
        <description>Axis</description>
        <styleUrl>#line-FF0000-1000</styleUrl>
        <LineString>
          <tessellate>1</tessellate>
          <coordinates>
            106.623206,10.819798,5.28
            106.623949,10.820517,5.28
          </coordinates>
        </LineString>
      </Placemark>
      <Placemark>
        <name>Station 1Ben Thanh</name>
        <description>0</description>
        <styleUrl>#icon-1899-0288D1</styleUrl>
        <Point>
          <coordinates>
            106.694723,10.772741,0
          </coordinates>
        </Point>
      </Placemark>
      <Placemark>
        <name>Station 2 Tao Dan</name>
        <description>0</description>
        <styleUrl>#icon-1899-0288D1</styleUrl>
        <Point>
          <coordinates>
            106.687665,10.772513,0
          </coordinates>
        </Point>
      </Placemark>
      <Placemark>
        <name>Station 3 Dan Chu</name>
        <description>0</description>
        <styleUrl>#icon-1899-0288D1</styleUrl>
        <Point>
          <coordinates>
            106.681149,10.779996,0
          </coordinates>
        </Point>
      </Placemark>
      <Placemark>
        <name>Station 4 Hoa Hung</name>
        <description>0</description>
        <styleUrl>#icon-1899-0288D1</styleUrl>
        <Point>
          <coordinates>
            106.672392,10.784181,0
          </coordinates>
        </Point>
      </Placemark>
      <Placemark>
        <name>Station 5 Le Thi Rieng</name>
        <description>0</description>
        <styleUrl>#icon-1899-0288D1</styleUrl>
        <Point>
          <coordinates>
            106.66271,10.786077,0
          </coordinates>
        </Point>
      </Placemark>
      <Placemark>
        <name>Station 6 Pham Van Hai</name>
        <description>0</description>
        <styleUrl>#icon-1899-0288D1</styleUrl>
        <Point>
          <coordinates>
            106.658356,10.791492,0
          </coordinates>
        </Point>
      </Placemark>
      <Placemark>
        <name>Station 7 Bay Hien</name>
        <description>0</description>
        <styleUrl>#icon-1899-0288D1</styleUrl>
        <Point>
          <coordinates>
            106.651862,10.795223,0
          </coordinates>
        </Point>
      </Placemark>
      <Placemark>
        <name>Station 8 Nguyen Hong Dao</name>
        <description>0</description>
        <styleUrl>#icon-1899-0288D1</styleUrl>
        <Point>
          <coordinates>
            106.641017,10.800944,0
          </coordinates>
        </Point>
      </Placemark>
      <Placemark>
        <name>Station 9 Ba Queo</name>
        <description>0</description>
        <styleUrl>#icon-1899-0288D1</styleUrl>
        <Point>
          <coordinates>
            106.633065,10.807746,0
          </coordinates>
        </Point>
      </Placemark>
      <Placemark>
        <name>Station 10 Pham Van Bach</name>
        <description>0</description>
        <styleUrl>#icon-1899-0288D1</styleUrl>
        <Point>
          <coordinates>
            106.634176,10.815844,0
          </coordinates>
        </Point>
      </Placemark>
      <Placemark>
        <name>Polyline_002</name>
        <description>Axis</description>
        <styleUrl>#line-0000FF-4000</styleUrl>
        <LineString>
          <tessellate>1</tessellate>
          <coordinates>
            106.632988,10.810932,5.28
            106.634102,10.811268,5.28
          </coordinates>
        </LineString>
      </Placemark>
      <Placemark>
        <name>Polyline_002</name>
        <description>Axis</description>
        <styleUrl>#line-0000FF-4000</styleUrl>
        <LineString>
          <tessellate>1</tessellate>
          <coordinates>
            106.632162,10.813621,5.28
            106.633276,10.813956,5.28
          </coordinates>
        </LineString>
      </Placemark>
      <Placemark>
        <name>Polyline_002</name>
        <description>Axis</description>
        <styleUrl>#line-0000FF-4000</styleUrl>
        <LineString>
          <tessellate>1</tessellate>
          <coordinates>
            106.63419,10.807298,5.28
            106.63531,10.807633,5.28
          </coordinates>
        </LineString>
      </Placemark>
      <Placemark>
        <name>Polyline_002</name>
        <description>Axis</description>
        <styleUrl>#line-0000FF-4000</styleUrl>
        <LineString>
          <tessellate>1</tessellate>
          <coordinates>
            106.635009,10.804624,5.28
            106.636128,10.804961,5.28
          </coordinates>
        </LineString>
      </Placemark>
      <Placemark>
        <name>Polyline_002</name>
        <description>Axis</description>
        <styleUrl>#line-0000FF-4000</styleUrl>
        <LineString>
          <tessellate>1</tessellate>
          <coordinates>
            106.642105,10.799585,5.28
            106.641555,10.79858,5.28
          </coordinates>
        </LineString>
      </Placemark>
      <Placemark>
        <name>Polyline_002</name>
        <description>Axis</description>
        <styleUrl>#line-0000FF-4000</styleUrl>
        <LineString>
          <tessellate>1</tessellate>
          <coordinates>
            106.644152,10.797187,5.28
            106.644702,10.798192,5.28
          </coordinates>
        </LineString>
      </Placemark>
      <Placemark>
        <name>Polyline_002</name>
        <description>Axis</description>
        <styleUrl>#line-0000FF-4000</styleUrl>
        <LineString>
          <tessellate>1</tessellate>
          <coordinates>
            106.666984,10.786297,5.28
            106.66643,10.785284,5.28
          </coordinates>
        </LineString>
      </Placemark>
      <Placemark>
        <name>Polyline_002</name>
        <description>Axis</description>
        <styleUrl>#line-0000FF-4000</styleUrl>
        <LineString>
          <tessellate>1</tessellate>
          <coordinates>
            106.664055,10.786554,5.28
            106.664609,10.787567,5.28
          </coordinates>
        </LineString>
      </Placemark>
    </Folder>
  </Document>
</kml>
